filedate,State,B.1.1.7 Variant,P.1 Variant,B.1.351 Variant,mytotal
2021-01-08,,0,0,0,0
2021-01-12,,0,0,0,0
2021-01-14,,0,0,0,0
2021-01-19,,0,0,0,0
2021-01-20,,0,0,0,0
2021-01-21,,0,0,0,0
2021-01-22,,0,0,0,0
2021-01-23,,0,0,0,0
2021-01-24,,0,0,0,0
2021-01-25,,0,0,0,0
2021-01-26,,0,0,0,0
2021-01-27,,0,0,0,0
2021-01-28,,0,0,0,0
2021-01-29,,0,0,0,0
2021-01-30,,0,0,0,0
2021-01-31,,0,0,0,0
2021-02-01,,0,0,0,0
2021-02-02,,0,0,0,0
2021-02-03,,0,0,0,0
2021-02-04,,0,0,0,0
2021-02-05,,0,0,0,0
2021-02-06,,0,0,0,0
2021-02-07,,0,0,0,0
2021-02-08,,0,0,0,0
2021-02-09,,0,0,0,0
2021-02-10,,0,0,0,0
2021-02-11,,0,0,0,0
2021-02-12,,0,0,0,0
2021-02-13,,0,0,0,0
2021-02-14,,0,0,0,0
2021-02-15,,0,0,0,0
2021-02-16,,0,0,0,0
2021-02-17,,0,0,0,0
2021-02-18,,0,0,0,0
2021-02-19,,0,0,0,0
2021-02-20,,0,0,0,0
2021-02-21,,0,0,0,0
2021-02-22,,0,0,0,0
2021-02-23,,0,0,0,0
2021-02-24,,0,0,0,0
2021-02-25,,0,0,0,0
2021-02-26,,0,0,0,0
2021-02-27,,0,0,0,0
2021-02-28,,0,0,0,0
2021-03-01,,0,0,0,0
2021-03-02,,0,0,0,0
2021-03-03,,0,0,0,0
2021-03-04,,0,0,0,0
2021-03-05,,0,0,0,0
2021-03-06,,0,0,0,0
2021-03-07,,0,0,0,0
2021-03-08,,0,0,0,0
2021-03-09,,0,0,0,0
2021-03-10,,0,0,0,0
2021-03-11,,0,0,0,0
2021-03-12,,0,0,0,0
2021-03-13,,0,0,0,0
2021-03-14,,0,0,0,0
2021-03-15,,0,0,0,0
2021-03-16,,0,0,0,0
2021-01-08,AK,0,0,0,0
2021-01-12,AK,0,0,0,0
2021-01-14,AK,0,0,0,0
2021-01-19,AK,0,0,0,0
2021-01-20,AK,0,0,0,0
2021-01-21,AK,0,0,0,0
2021-01-22,AK,0,0,0,0
2021-01-23,AK,0,0,0,0
2021-01-24,AK,0,0,0,0
2021-01-25,AK,0,0,0,0
2021-01-26,AK,0,0,0,0
2021-01-27,AK,1,0,0,1
2021-01-28,AK,1,0,0,1
2021-01-29,AK,1,0,0,1
2021-01-30,AK,1,0,0,1
2021-01-31,AK,1,0,0,1
2021-02-01,AK,1,0,0,1
2021-02-02,AK,1,0,0,1
2021-02-03,AK,1,0,0,1
2021-02-04,AK,1,0,0,1
2021-02-05,AK,1,0,0,1
2021-02-06,AK,1,0,0,1
2021-02-07,AK,1,0,0,1
2021-02-08,AK,1,0,0,1
2021-02-09,AK,1,0,0,1
2021-02-10,AK,1,0,0,1
2021-02-11,AK,1,0,0,1
2021-02-12,AK,1,0,0,1
2021-02-13,AK,1,0,0,1
2021-02-14,AK,1,0,0,1
2021-02-15,AK,1,0,0,1
2021-02-16,AK,1,0,0,1
2021-02-17,AK,1,0,0,1
2021-02-18,AK,1,0,0,1
2021-02-19,AK,1,0,0,1
2021-02-20,AK,1,0,0,1
2021-02-21,AK,1,0,0,1
2021-02-22,AK,1,0,0,1
2021-02-23,AK,2,0,0,2
2021-02-24,AK,2,0,0,2
2021-02-25,AK,2,1,0,3
2021-02-26,AK,2,1,0,3
2021-02-27,AK,2,1,0,3
2021-02-28,AK,2,1,0,3
2021-03-01,AK,2,1,0,3
2021-03-02,AK,2,1,0,3
2021-03-03,AK,2,1,0,3
2021-03-04,AK,2,1,0,3
2021-03-05,AK,2,1,0,3
2021-03-06,AK,2,1,0,3
2021-03-07,AK,2,1,0,3
2021-03-08,AK,2,1,0,3
2021-03-09,AK,2,1,0,3
2021-03-10,AK,2,1,0,3
2021-03-11,AK,2,1,0,3
2021-03-12,AK,2,1,0,3
2021-03-13,AK,2,1,0,3
2021-03-14,AK,2,1,0,3
2021-03-15,AK,2,1,0,3
2021-03-16,AK,2,1,0,3
2021-01-08,AL,0,0,0,0
2021-01-12,AL,0,0,0,0
2021-01-14,AL,0,0,0,0
2021-01-19,AL,0,0,0,0
2021-01-20,AL,0,0,0,0
2021-01-21,AL,0,0,0,0
2021-01-22,AL,0,0,0,0
2021-01-23,AL,0,0,0,0
2021-01-24,AL,0,0,0,0
2021-01-25,AL,0,0,0,0
2021-01-26,AL,0,0,0,0
2021-01-27,AL,0,0,0,0
2021-01-28,AL,0,0,0,0
2021-01-29,AL,3,0,0,3
2021-01-30,AL,3,0,0,3
2021-01-31,AL,3,0,0,3
2021-02-01,AL,3,0,0,3
2021-02-02,AL,3,0,0,3
2021-02-03,AL,3,0,0,3
2021-02-04,AL,6,0,0,6
2021-02-05,AL,6,0,0,6
2021-02-06,AL,6,0,0,6
2021-02-07,AL,6,0,0,6
2021-02-08,AL,6,0,0,6
2021-02-09,AL,6,0,0,6
2021-02-10,AL,6,0,0,6
2021-02-11,AL,7,0,0,7
2021-02-12,AL,7,0,0,7
2021-02-13,AL,7,0,0,7
2021-02-14,AL,7,0,0,7
2021-02-15,AL,7,0,0,7
2021-02-16,AL,7,0,0,7
2021-02-17,AL,7,0,0,7
2021-02-18,AL,8,0,0,8
2021-02-19,AL,8,0,0,8
2021-02-20,AL,8,0,0,8
2021-02-21,AL,22,0,0,22
2021-02-22,AL,22,0,0,22
2021-02-23,AL,22,0,0,22
2021-02-24,AL,22,0,0,22
2021-02-25,AL,35,0,0,35
2021-02-26,AL,35,0,0,35
2021-02-27,AL,35,0,0,35
2021-02-28,AL,35,0,0,35
2021-03-01,AL,35,0,0,35
2021-03-02,AL,37,0,0,37
2021-03-03,AL,37,0,0,37
2021-03-04,AL,37,0,0,37
2021-03-05,AL,37,0,0,37
2021-03-06,AL,37,0,0,37
2021-03-07,AL,53,0,0,53
2021-03-08,AL,53,0,0,53
2021-03-09,AL,53,0,0,53
2021-03-10,AL,53,0,0,53
2021-03-11,AL,71,0,0,71
2021-03-12,AL,71,0,0,71
2021-03-13,AL,71,0,0,71
2021-03-14,AL,71,0,0,71
2021-03-15,AL,71,0,0,71
2021-03-16,AL,71,0,0,71
2021-01-08,AR,0,0,0,0
2021-01-12,AR,0,0,0,0
2021-01-14,AR,0,0,0,0
2021-01-19,AR,0,0,0,0
2021-01-20,AR,0,0,0,0
2021-01-21,AR,0,0,0,0
2021-01-22,AR,0,0,0,0
2021-01-23,AR,0,0,0,0
2021-01-24,AR,0,0,0,0
2021-01-25,AR,0,0,0,0
2021-01-26,AR,0,0,0,0
2021-01-27,AR,0,0,0,0
2021-01-28,AR,0,0,0,0
2021-01-29,AR,0,0,0,0
2021-01-30,AR,0,0,0,0
2021-01-31,AR,0,0,0,0
2021-02-01,AR,0,0,0,0
2021-02-02,AR,0,0,0,0
2021-02-03,AR,0,0,0,0
2021-02-04,AR,0,0,0,0
2021-02-05,AR,0,0,0,0
2021-02-06,AR,0,0,0,0
2021-02-07,AR,0,0,0,0
2021-02-08,AR,0,0,0,0
2021-02-09,AR,0,0,0,0
2021-02-10,AR,0,0,0,0
2021-02-11,AR,0,0,0,0
2021-02-12,AR,0,0,0,0
2021-02-13,AR,0,0,0,0
2021-02-14,AR,0,0,0,0
2021-02-15,AR,0,0,0,0
2021-02-16,AR,0,0,0,0
2021-02-17,AR,0,0,0,0
2021-02-18,AR,0,0,0,0
2021-02-19,AR,0,0,0,0
2021-02-20,AR,0,0,0,0
2021-02-21,AR,0,0,0,0
2021-02-22,AR,0,0,0,0
2021-02-23,AR,0,0,0,0
2021-02-24,AR,0,0,0,0
2021-02-25,AR,0,0,0,0
2021-02-26,AR,0,0,0,0
2021-02-27,AR,0,0,0,0
2021-02-28,AR,0,0,0,0
2021-03-01,AR,0,0,0,0
2021-03-02,AR,0,0,0,0
2021-03-03,AR,0,0,0,0
2021-03-04,AR,1,0,0,1
2021-03-05,AR,1,0,0,1
2021-03-06,AR,1,0,0,1
2021-03-07,AR,1,0,0,1
2021-03-08,AR,1,0,0,1
2021-03-09,AR,1,0,0,1
2021-03-10,AR,1,0,0,1
2021-03-11,AR,1,0,0,1
2021-03-12,AR,1,0,0,1
2021-03-13,AR,1,0,0,1
2021-03-14,AR,1,0,0,1
2021-03-15,AR,1,0,0,1
2021-03-16,AR,1,0,0,1
2021-01-08,AS,0,0,0,0
2021-01-12,AS,0,0,0,0
2021-01-14,AS,0,0,0,0
2021-01-19,AS,0,0,0,0
2021-01-20,AS,0,0,0,0
2021-01-21,AS,0,0,0,0
2021-01-22,AS,0,0,0,0
2021-01-23,AS,0,0,0,0
2021-01-24,AS,0,0,0,0
2021-01-25,AS,0,0,0,0
2021-01-26,AS,0,0,0,0
2021-01-27,AS,0,0,0,0
2021-01-28,AS,0,0,0,0
2021-01-29,AS,0,0,0,0
2021-01-30,AS,0,0,0,0
2021-01-31,AS,0,0,0,0
2021-02-01,AS,0,0,0,0
2021-02-02,AS,0,0,0,0
2021-02-03,AS,0,0,0,0
2021-02-04,AS,0,0,0,0
2021-02-05,AS,0,0,0,0
2021-02-06,AS,0,0,0,0
2021-02-07,AS,0,0,0,0
2021-02-08,AS,0,0,0,0
2021-02-09,AS,0,0,0,0
2021-02-10,AS,0,0,0,0
2021-02-11,AS,0,0,0,0
2021-02-12,AS,0,0,0,0
2021-02-13,AS,0,0,0,0
2021-02-14,AS,0,0,0,0
2021-02-15,AS,0,0,0,0
2021-02-16,AS,0,0,0,0
2021-02-17,AS,0,0,0,0
2021-02-18,AS,0,0,0,0
2021-02-19,AS,0,0,0,0
2021-02-20,AS,0,0,0,0
2021-02-21,AS,0,0,0,0
2021-02-22,AS,0,0,0,0
2021-02-23,AS,0,0,0,0
2021-02-24,AS,0,0,0,0
2021-02-25,AS,0,0,0,0
2021-02-26,AS,0,0,0,0
2021-02-27,AS,0,0,0,0
2021-02-28,AS,0,0,0,0
2021-03-01,AS,0,0,0,0
2021-03-02,AS,0,0,0,0
2021-03-03,AS,0,0,0,0
2021-03-04,AS,0,0,0,0
2021-03-05,AS,0,0,0,0
2021-03-06,AS,0,0,0,0
2021-03-07,AS,0,0,0,0
2021-03-08,AS,0,0,0,0
2021-03-09,AS,0,0,0,0
2021-03-10,AS,0,0,0,0
2021-03-11,AS,0,0,0,0
2021-03-12,AS,0,0,0,0
2021-03-13,AS,0,0,0,0
2021-03-14,AS,0,0,0,0
2021-03-15,AS,0,0,0,0
2021-03-16,AS,0,0,0,0
2021-01-08,AZ,0,0,0,0
2021-01-12,AZ,0,0,0,0
2021-01-14,AZ,0,0,0,0
2021-01-19,AZ,0,0,0,0
2021-01-20,AZ,0,0,0,0
2021-01-21,AZ,0,0,0,0
2021-01-22,AZ,0,0,0,0
2021-01-23,AZ,0,0,0,0
2021-01-24,AZ,0,0,0,0
2021-01-25,AZ,0,0,0,0
2021-01-26,AZ,0,0,0,0
2021-01-27,AZ,0,0,0,0
2021-01-28,AZ,0,0,0,0
2021-01-29,AZ,0,0,0,0
2021-01-30,AZ,0,0,0,0
2021-01-31,AZ,3,0,0,3
2021-02-01,AZ,3,0,0,3
2021-02-02,AZ,3,0,0,3
2021-02-03,AZ,3,0,0,3
2021-02-04,AZ,3,0,0,3
2021-02-05,AZ,3,0,0,3
2021-02-06,AZ,3,0,0,3
2021-02-07,AZ,4,0,0,4
2021-02-08,AZ,4,0,0,4
2021-02-09,AZ,4,0,0,4
2021-02-10,AZ,4,0,0,4
2021-02-11,AZ,4,0,0,4
2021-02-12,AZ,4,0,0,4
2021-02-13,AZ,4,0,0,4
2021-02-14,AZ,5,0,0,5
2021-02-15,AZ,5,0,0,5
2021-02-16,AZ,5,0,0,5
2021-02-17,AZ,5,0,0,5
2021-02-18,AZ,6,0,0,6
2021-02-19,AZ,6,0,0,6
2021-02-20,AZ,6,0,0,6
2021-02-21,AZ,6,0,0,6
2021-02-22,AZ,6,0,0,6
2021-02-23,AZ,6,0,0,6
2021-02-24,AZ,6,0,0,6
2021-02-25,AZ,14,0,0,14
2021-02-26,AZ,14,0,0,14
2021-02-27,AZ,14,0,0,14
2021-02-28,AZ,14,0,0,14
2021-03-01,AZ,14,0,0,14
2021-03-02,AZ,14,0,0,14
2021-03-03,AZ,14,0,0,14
2021-03-04,AZ,19,0,0,19
2021-03-05,AZ,19,0,0,19
2021-03-06,AZ,19,0,0,19
2021-03-07,AZ,19,0,0,19
2021-03-08,AZ,19,0,0,19
2021-03-09,AZ,35,0,0,35
2021-03-10,AZ,35,0,0,35
2021-03-11,AZ,35,0,0,35
2021-03-12,AZ,35,0,0,35
2021-03-13,AZ,35,0,0,35
2021-03-14,AZ,39,0,0,39
2021-03-15,AZ,39,0,0,39
2021-03-16,AZ,39,0,0,39
2021-01-08,CA,32,0,0,32
2021-01-12,CA,32,0,0,32
2021-01-14,CA,32,0,0,32
2021-01-19,CA,40,0,0,40
2021-01-20,CA,40,0,0,40
2021-01-21,CA,40,0,0,40
2021-01-22,CA,72,0,0,72
2021-01-23,CA,72,0,0,72
2021-01-24,CA,72,0,0,72
2021-01-25,CA,90,0,0,90
2021-01-26,CA,90,0,0,90
2021-01-27,CA,92,0,0,92
2021-01-28,CA,92,0,0,92
2021-01-29,CA,113,0,0,113
2021-01-30,CA,113,0,0,113
2021-01-31,CA,113,0,0,113
2021-02-01,CA,113,0,0,113
2021-02-02,CA,127,0,0,127
2021-02-03,CA,127,0,0,127
2021-02-04,CA,145,0,0,145
2021-02-05,CA,145,0,0,145
2021-02-06,CA,145,0,0,145
2021-02-07,CA,150,0,0,150
2021-02-08,CA,150,0,0,150
2021-02-09,CA,156,0,0,156
2021-02-10,CA,156,0,0,156
2021-02-11,CA,159,0,2,161
2021-02-12,CA,159,0,2,161
2021-02-13,CA,159,0,2,161
2021-02-14,CA,186,0,2,188
2021-02-15,CA,186,0,2,188
2021-02-16,CA,186,0,2,188
2021-02-17,CA,186,0,2,188
2021-02-18,CA,195,0,2,197
2021-02-19,CA,195,0,2,197
2021-02-20,CA,195,0,2,197
2021-02-21,CA,195,0,2,197
2021-02-22,CA,195,0,2,197
2021-02-23,CA,204,0,2,206
2021-02-24,CA,204,0,2,206
2021-02-25,CA,204,0,2,206
2021-02-26,CA,204,0,2,206
2021-02-27,CA,204,0,2,206
2021-02-28,CA,206,0,3,209
2021-03-01,CA,206,0,3,209
2021-03-02,CA,212,0,3,215
2021-03-03,CA,212,0,3,215
2021-03-04,CA,250,0,3,253
2021-03-05,CA,250,0,3,253
2021-03-06,CA,250,0,3,253
2021-03-07,CA,262,0,3,265
2021-03-08,CA,262,0,3,265
2021-03-09,CA,262,0,3,265
2021-03-10,CA,262,0,3,265
2021-03-11,CA,262,0,3,265
2021-03-12,CA,262,0,3,265
2021-03-13,CA,262,0,3,265
2021-03-14,CA,343,0,3,346
2021-03-15,CA,343,0,3,346
2021-03-16,CA,375,1,4,380
2021-01-08,CO,3,0,0,3
2021-01-12,CO,3,0,0,3
2021-01-14,CO,4,0,0,4
2021-01-19,CO,6,0,0,6
2021-01-20,CO,6,0,0,6
2021-01-21,CO,6,0,0,6
2021-01-22,CO,6,0,0,6
2021-01-23,CO,6,0,0,6
2021-01-24,CO,6,0,0,6
2021-01-25,CO,9,0,0,9
2021-01-26,CO,9,0,0,9
2021-01-27,CO,9,0,0,9
2021-01-28,CO,9,0,0,9
2021-01-29,CO,11,0,0,11
2021-01-30,CO,11,0,0,11
2021-01-31,CO,11,0,0,11
2021-02-01,CO,11,0,0,11
2021-02-02,CO,13,0,0,13
2021-02-03,CO,13,0,0,13
2021-02-04,CO,13,0,0,13
2021-02-05,CO,13,0,0,13
2021-02-06,CO,13,0,0,13
2021-02-07,CO,33,0,0,33
2021-02-08,CO,33,0,0,33
2021-02-09,CO,37,0,0,37
2021-02-10,CO,37,0,0,37
2021-02-11,CO,41,0,0,41
2021-02-12,CO,41,0,0,41
2021-02-13,CO,41,0,0,41
2021-02-14,CO,67,0,0,67
2021-02-15,CO,67,0,0,67
2021-02-16,CO,67,0,0,67
2021-02-17,CO,67,0,0,67
2021-02-18,CO,67,0,0,67
2021-02-19,CO,67,0,0,67
2021-02-20,CO,67,0,0,67
2021-02-21,CO,71,0,0,71
2021-02-22,CO,71,0,0,71
2021-02-23,CO,85,0,0,85
2021-02-24,CO,85,0,0,85
2021-02-25,CO,86,0,0,86
2021-02-26,CO,86,0,0,86
2021-02-27,CO,86,0,0,86
2021-02-28,CO,103,0,0,103
2021-03-01,CO,103,0,0,103
2021-03-02,CO,103,0,0,103
2021-03-03,CO,103,0,0,103
2021-03-04,CO,114,0,0,114
2021-03-05,CO,114,0,0,114
2021-03-06,CO,114,0,0,114
2021-03-07,CO,189,0,0,189
2021-03-08,CO,189,0,0,189
2021-03-09,CO,189,0,0,189
2021-03-10,CO,189,0,0,189
2021-03-11,CO,264,0,3,267
2021-03-12,CO,264,0,3,267
2021-03-13,CO,264,0,3,267
2021-03-14,CO,303,0,8,311
2021-03-15,CO,303,0,8,311
2021-03-16,CO,303,0,8,311
2021-01-08,CT,2,0,0,2
2021-01-12,CT,2,0,0,2
2021-01-14,CT,2,0,0,2
2021-01-19,CT,2,0,0,2
2021-01-20,CT,2,0,0,2
2021-01-21,CT,2,0,0,2
2021-01-22,CT,4,0,0,4
2021-01-23,CT,4,0,0,4
2021-01-24,CT,4,0,0,4
2021-01-25,CT,4,0,0,4
2021-01-26,CT,4,0,0,4
2021-01-27,CT,8,0,0,8
2021-01-28,CT,8,0,0,8
2021-01-29,CT,8,0,0,8
2021-01-30,CT,8,0,0,8
2021-01-31,CT,8,0,0,8
2021-02-01,CT,8,0,0,8
2021-02-02,CT,8,0,0,8
2021-02-03,CT,8,0,0,8
2021-02-04,CT,17,0,0,17
2021-02-05,CT,17,0,0,17
2021-02-06,CT,17,0,0,17
2021-02-07,CT,17,0,0,17
2021-02-08,CT,17,0,0,17
2021-02-09,CT,17,0,0,17
2021-02-10,CT,17,0,0,17
2021-02-11,CT,20,0,0,20
2021-02-12,CT,20,0,0,20
2021-02-13,CT,20,0,0,20
2021-02-14,CT,20,0,0,20
2021-02-15,CT,20,0,0,20
2021-02-16,CT,42,0,1,43
2021-02-17,CT,42,0,1,43
2021-02-18,CT,42,0,1,43
2021-02-19,CT,42,0,1,43
2021-02-20,CT,42,0,1,43
2021-02-21,CT,42,0,1,43
2021-02-22,CT,42,0,1,43
2021-02-23,CT,42,0,1,43
2021-02-24,CT,42,0,1,43
2021-02-25,CT,42,0,1,43
2021-02-26,CT,42,0,1,43
2021-02-27,CT,42,0,1,43
2021-02-28,CT,42,0,1,43
2021-03-01,CT,42,0,1,43
2021-03-02,CT,42,0,1,43
2021-03-03,CT,42,0,1,43
2021-03-04,CT,42,0,1,43
2021-03-05,CT,42,0,1,43
2021-03-06,CT,42,0,1,43
2021-03-07,CT,65,0,1,66
2021-03-08,CT,65,0,1,66
2021-03-09,CT,81,0,2,83
2021-03-10,CT,81,0,2,83
2021-03-11,CT,81,0,2,83
2021-03-12,CT,81,0,2,83
2021-03-13,CT,81,0,2,83
2021-03-14,CT,174,0,6,180
2021-03-15,CT,174,0,6,180
2021-03-16,CT,174,0,6,180
2021-01-08,DC,0,0,0,0
2021-01-12,DC,0,0,0,0
2021-01-14,DC,0,0,0,0
2021-01-19,DC,0,0,0,0
2021-01-20,DC,0,0,0,0
2021-01-21,DC,0,0,0,0
2021-01-22,DC,0,0,0,0
2021-01-23,DC,0,0,0,0
2021-01-24,DC,0,0,0,0
2021-01-25,DC,0,0,0,0
2021-01-26,DC,0,0,0,0
2021-01-27,DC,0,0,0,0
2021-01-28,DC,0,0,0,0
2021-01-29,DC,0,0,0,0
2021-01-30,DC,0,0,0,0
2021-01-31,DC,0,0,0,0
2021-02-01,DC,0,0,0,0
2021-02-02,DC,0,0,0,0
2021-02-03,DC,0,0,0,0
2021-02-04,DC,0,0,0,0
2021-02-05,DC,0,0,0,0
2021-02-06,DC,0,0,0,0
2021-02-07,DC,0,0,0,0
2021-02-08,DC,0,0,0,0
2021-02-09,DC,0,0,0,0
2021-02-10,DC,0,0,0,0
2021-02-11,DC,0,0,0,0
2021-02-12,DC,0,0,0,0
2021-02-13,DC,0,0,0,0
2021-02-14,DC,3,0,1,4
2021-02-15,DC,3,0,1,4
2021-02-16,DC,3,0,1,4
2021-02-17,DC,3,0,1,4
2021-02-18,DC,3,0,1,4
2021-02-19,DC,3,0,1,4
2021-02-20,DC,3,0,1,4
2021-02-21,DC,3,0,1,4
2021-02-22,DC,3,0,1,4
2021-02-23,DC,4,0,1,5
2021-02-24,DC,4,0,1,5
2021-02-25,DC,4,0,1,5
2021-02-26,DC,4,0,1,5
2021-02-27,DC,4,0,1,5
2021-02-28,DC,4,0,1,5
2021-03-01,DC,4,0,1,5
2021-03-02,DC,4,0,1,5
2021-03-03,DC,4,0,1,5
2021-03-04,DC,4,0,1,5
2021-03-05,DC,4,0,1,5
2021-03-06,DC,4,0,1,5
2021-03-07,DC,7,0,1,8
2021-03-08,DC,7,0,1,8
2021-03-09,DC,6,0,1,7
2021-03-10,DC,6,0,1,7
2021-03-11,DC,6,0,1,7
2021-03-12,DC,6,0,1,7
2021-03-13,DC,6,0,1,7
2021-03-14,DC,6,0,1,7
2021-03-15,DC,6,0,1,7
2021-03-16,DC,6,0,1,7
2021-01-08,DE,0,0,0,0
2021-01-12,DE,0,0,0,0
2021-01-14,DE,0,0,0,0
2021-01-19,DE,0,0,0,0
2021-01-20,DE,0,0,0,0
2021-01-21,DE,0,0,0,0
2021-01-22,DE,0,0,0,0
2021-01-23,DE,0,0,0,0
2021-01-24,DE,0,0,0,0
2021-01-25,DE,0,0,0,0
2021-01-26,DE,0,0,0,0
2021-01-27,DE,0,0,0,0
2021-01-28,DE,0,0,0,0
2021-01-29,DE,3,0,0,3
2021-01-30,DE,3,0,0,3
2021-01-31,DE,3,0,0,3
2021-02-01,DE,3,0,0,3
2021-02-02,DE,3,0,0,3
2021-02-03,DE,3,0,0,3
2021-02-04,DE,3,0,0,3
2021-02-05,DE,3,0,0,3
2021-02-06,DE,3,0,0,3
2021-02-07,DE,3,0,0,3
2021-02-08,DE,3,0,0,3
2021-02-09,DE,3,0,0,3
2021-02-10,DE,3,0,0,3
2021-02-11,DE,3,0,0,3
2021-02-12,DE,3,0,0,3
2021-02-13,DE,3,0,0,3
2021-02-14,DE,3,0,0,3
2021-02-15,DE,3,0,0,3
2021-02-16,DE,3,0,0,3
2021-02-17,DE,3,0,0,3
2021-02-18,DE,3,0,0,3
2021-02-19,DE,3,0,0,3
2021-02-20,DE,3,0,0,3
2021-02-21,DE,7,0,0,7
2021-02-22,DE,7,0,0,7
2021-02-23,DE,7,0,0,7
2021-02-24,DE,7,0,0,7
2021-02-25,DE,7,0,0,7
2021-02-26,DE,7,0,0,7
2021-02-27,DE,7,0,0,7
2021-02-28,DE,12,0,0,12
2021-03-01,DE,12,0,0,12
2021-03-02,DE,12,0,0,12
2021-03-03,DE,12,0,0,12
2021-03-04,DE,12,0,0,12
2021-03-05,DE,12,0,0,12
2021-03-06,DE,12,0,0,12
2021-03-07,DE,12,0,0,12
2021-03-08,DE,12,0,0,12
2021-03-09,DE,12,0,1,13
2021-03-10,DE,12,0,1,13
2021-03-11,DE,12,0,1,13
2021-03-12,DE,12,0,1,13
2021-03-13,DE,12,0,1,13
2021-03-14,DE,12,0,1,13
2021-03-15,DE,12,0,1,13
2021-03-16,DE,12,0,1,13
2021-01-08,FL,22,0,0,22
2021-01-12,FL,22,0,0,22
2021-01-14,FL,22,0,0,22
2021-01-19,FL,46,0,0,46
2021-01-20,FL,46,0,0,46
2021-01-21,FL,46,0,0,46
2021-01-22,FL,50,0,0,50
2021-01-23,FL,50,0,0,50
2021-01-24,FL,50,0,0,50
2021-01-25,FL,92,0,0,92
2021-01-26,FL,92,0,0,92
2021-01-27,FL,92,0,0,92
2021-01-28,FL,92,0,0,92
2021-01-29,FL,125,0,0,125
2021-01-30,FL,125,0,0,125
2021-01-31,FL,147,0,0,147
2021-02-01,FL,147,0,0,147
2021-02-02,FL,186,0,0,186
2021-02-03,FL,186,0,0,186
2021-02-04,FL,187,0,0,187
2021-02-05,FL,187,0,0,187
2021-02-06,FL,187,0,0,187
2021-02-07,FL,201,0,0,201
2021-02-08,FL,201,0,0,201
2021-02-09,FL,343,0,0,343
2021-02-10,FL,343,0,0,343
2021-02-11,FL,347,0,0,347
2021-02-12,FL,347,0,0,347
2021-02-13,FL,347,0,0,347
2021-02-14,FL,379,0,0,379
2021-02-15,FL,379,0,0,379
2021-02-16,FL,416,0,0,416
2021-02-17,FL,416,0,0,416
2021-02-18,FL,433,1,0,434
2021-02-19,FL,433,1,0,434
2021-02-20,FL,433,1,0,434
2021-02-21,FL,433,1,0,434
2021-02-22,FL,433,1,0,434
2021-02-23,FL,489,1,0,490
2021-02-24,FL,489,1,0,490
2021-02-25,FL,500,1,0,501
2021-02-26,FL,500,1,0,501
2021-02-27,FL,500,1,0,501
2021-02-28,FL,599,5,1,605
2021-03-01,FL,599,5,1,605
2021-03-02,FL,599,5,1,605
2021-03-03,FL,599,5,1,605
2021-03-04,FL,642,5,1,648
2021-03-05,FL,642,5,1,648
2021-03-06,FL,642,5,1,648
2021-03-07,FL,642,5,1,648
2021-03-08,FL,642,5,1,648
2021-03-09,FL,689,5,1,695
2021-03-10,FL,689,5,1,695
2021-03-11,FL,690,5,1,696
2021-03-12,FL,690,5,1,696
2021-03-13,FL,690,5,1,696
2021-03-14,FL,738,13,2,753
2021-03-15,FL,738,13,2,753
2021-03-16,FL,738,13,2,753
2021-01-08,FM,0,0,0,0
2021-01-12,FM,0,0,0,0
2021-01-14,FM,0,0,0,0
2021-01-19,FM,0,0,0,0
2021-01-20,FM,0,0,0,0
2021-01-21,FM,0,0,0,0
2021-01-22,FM,0,0,0,0
2021-01-23,FM,0,0,0,0
2021-01-24,FM,0,0,0,0
2021-01-25,FM,0,0,0,0
2021-01-26,FM,0,0,0,0
2021-01-27,FM,0,0,0,0
2021-01-28,FM,0,0,0,0
2021-01-29,FM,0,0,0,0
2021-01-30,FM,0,0,0,0
2021-01-31,FM,0,0,0,0
2021-02-01,FM,0,0,0,0
2021-02-02,FM,0,0,0,0
2021-02-03,FM,0,0,0,0
2021-02-04,FM,0,0,0,0
2021-02-05,FM,0,0,0,0
2021-02-06,FM,0,0,0,0
2021-02-07,FM,0,0,0,0
2021-02-08,FM,0,0,0,0
2021-02-09,FM,0,0,0,0
2021-02-10,FM,0,0,0,0
2021-02-11,FM,0,0,0,0
2021-02-12,FM,0,0,0,0
2021-02-13,FM,0,0,0,0
2021-02-14,FM,0,0,0,0
2021-02-15,FM,0,0,0,0
2021-02-16,FM,0,0,0,0
2021-02-17,FM,0,0,0,0
2021-02-18,FM,0,0,0,0
2021-02-19,FM,0,0,0,0
2021-02-20,FM,0,0,0,0
2021-02-21,FM,0,0,0,0
2021-02-22,FM,0,0,0,0
2021-02-23,FM,0,0,0,0
2021-02-24,FM,0,0,0,0
2021-02-25,FM,0,0,0,0
2021-02-26,FM,0,0,0,0
2021-02-27,FM,0,0,0,0
2021-02-28,FM,0,0,0,0
2021-03-01,FM,0,0,0,0
2021-03-02,FM,0,0,0,0
2021-03-03,FM,0,0,0,0
2021-03-04,FM,0,0,0,0
2021-03-05,FM,0,0,0,0
2021-03-06,FM,0,0,0,0
2021-03-07,FM,0,0,0,0
2021-03-08,FM,0,0,0,0
2021-03-09,FM,0,0,0,0
2021-03-10,FM,0,0,0,0
2021-03-11,FM,0,0,0,0
2021-03-12,FM,0,0,0,0
2021-03-13,FM,0,0,0,0
2021-03-14,FM,0,0,0,0
2021-03-15,FM,0,0,0,0
2021-03-16,FM,0,0,0,0
2021-01-08,GA,1,0,0,1
2021-01-12,GA,1,0,0,1
2021-01-14,GA,1,0,0,1
2021-01-19,GA,1,0,0,1
2021-01-20,GA,5,0,0,5
2021-01-21,GA,5,0,0,5
2021-01-22,GA,6,0,0,6
2021-01-23,GA,6,0,0,6
2021-01-24,GA,6,0,0,6
2021-01-25,GA,6,0,0,6
2021-01-26,GA,6,0,0,6
2021-01-27,GA,14,0,0,14
2021-01-28,GA,14,0,0,14
2021-01-29,GA,18,0,0,18
2021-01-30,GA,18,0,0,18
2021-01-31,GA,18,0,0,18
2021-02-01,GA,18,0,0,18
2021-02-02,GA,18,0,0,18
2021-02-03,GA,18,0,0,18
2021-02-04,GA,23,0,0,23
2021-02-05,GA,23,0,0,23
2021-02-06,GA,23,0,0,23
2021-02-07,GA,23,0,0,23
2021-02-08,GA,23,0,0,23
2021-02-09,GA,37,0,0,37
2021-02-10,GA,37,0,0,37
2021-02-11,GA,37,0,0,37
2021-02-12,GA,37,0,0,37
2021-02-13,GA,37,0,0,37
2021-02-14,GA,45,0,0,45
2021-02-15,GA,45,0,0,45
2021-02-16,GA,45,0,0,45
2021-02-17,GA,45,0,0,45
2021-02-18,GA,79,0,0,79
2021-02-19,GA,79,0,0,79
2021-02-20,GA,79,0,0,79
2021-02-21,GA,85,0,0,85
2021-02-22,GA,85,0,0,85
2021-02-23,GA,119,0,0,119
2021-02-24,GA,119,0,0,119
2021-02-25,GA,119,0,0,119
2021-02-26,GA,119,0,0,119
2021-02-27,GA,119,0,0,119
2021-02-28,GA,119,0,0,119
2021-03-01,GA,119,0,0,119
2021-03-02,GA,137,0,1,138
2021-03-03,GA,137,0,1,138
2021-03-04,GA,155,0,1,156
2021-03-05,GA,155,0,1,156
2021-03-06,GA,155,0,1,156
2021-03-07,GA,171,0,3,174
2021-03-08,GA,171,0,3,174
2021-03-09,GA,171,0,3,174
2021-03-10,GA,171,0,3,174
2021-03-11,GA,204,0,3,207
2021-03-12,GA,204,0,3,207
2021-03-13,GA,204,0,3,207
2021-03-14,GA,204,0,3,207
2021-03-15,GA,204,0,3,207
2021-03-16,GA,204,0,3,207
2021-01-08,GU,0,0,0,0
2021-01-12,GU,0,0,0,0
2021-01-14,GU,0,0,0,0
2021-01-19,GU,0,0,0,0
2021-01-20,GU,0,0,0,0
2021-01-21,GU,0,0,0,0
2021-01-22,GU,0,0,0,0
2021-01-23,GU,0,0,0,0
2021-01-24,GU,0,0,0,0
2021-01-25,GU,0,0,0,0
2021-01-26,GU,0,0,0,0
2021-01-27,GU,0,0,0,0
2021-01-28,GU,0,0,0,0
2021-01-29,GU,0,0,0,0
2021-01-30,GU,0,0,0,0
2021-01-31,GU,0,0,0,0
2021-02-01,GU,0,0,0,0
2021-02-02,GU,0,0,0,0
2021-02-03,GU,0,0,0,0
2021-02-04,GU,0,0,0,0
2021-02-05,GU,0,0,0,0
2021-02-06,GU,0,0,0,0
2021-02-07,GU,0,0,0,0
2021-02-08,GU,0,0,0,0
2021-02-09,GU,0,0,0,0
2021-02-10,GU,0,0,0,0
2021-02-11,GU,0,0,0,0
2021-02-12,GU,0,0,0,0
2021-02-13,GU,0,0,0,0
2021-02-14,GU,0,0,0,0
2021-02-15,GU,0,0,0,0
2021-02-16,GU,0,0,0,0
2021-02-17,GU,0,0,0,0
2021-02-18,GU,0,0,0,0
2021-02-19,GU,0,0,0,0
2021-02-20,GU,0,0,0,0
2021-02-21,GU,0,0,0,0
2021-02-22,GU,0,0,0,0
2021-02-23,GU,0,0,0,0
2021-02-24,GU,0,0,0,0
2021-02-25,GU,0,0,0,0
2021-02-26,GU,0,0,0,0
2021-02-27,GU,0,0,0,0
2021-02-28,GU,0,0,0,0
2021-03-01,GU,0,0,0,0
2021-03-02,GU,0,0,0,0
2021-03-03,GU,0,0,0,0
2021-03-04,GU,0,0,0,0
2021-03-05,GU,0,0,0,0
2021-03-06,GU,0,0,0,0
2021-03-07,GU,0,0,0,0
2021-03-08,GU,0,0,0,0
2021-03-09,GU,0,0,0,0
2021-03-10,GU,0,0,0,0
2021-03-11,GU,0,0,0,0
2021-03-12,GU,0,0,0,0
2021-03-13,GU,0,0,0,0
2021-03-14,GU,0,0,0,0
2021-03-15,GU,0,0,0,0
2021-03-16,GU,0,0,0,0
2021-01-08,HI,0,0,0,0
2021-01-12,HI,0,0,0,0
2021-01-14,HI,0,0,0,0
2021-01-19,HI,0,0,0,0
2021-01-20,HI,0,0,0,0
2021-01-21,HI,0,0,0,0
2021-01-22,HI,0,0,0,0
2021-01-23,HI,0,0,0,0
2021-01-24,HI,0,0,0,0
2021-01-25,HI,0,0,0,0
2021-01-26,HI,0,0,0,0
2021-01-27,HI,0,0,0,0
2021-01-28,HI,0,0,0,0
2021-01-29,HI,0,0,0,0
2021-01-30,HI,0,0,0,0
2021-01-31,HI,0,0,0,0
2021-02-01,HI,0,0,0,0
2021-02-02,HI,0,0,0,0
2021-02-03,HI,0,0,0,0
2021-02-04,HI,0,0,0,0
2021-02-05,HI,0,0,0,0
2021-02-06,HI,0,0,0,0
2021-02-07,HI,0,0,0,0
2021-02-08,HI,0,0,0,0
2021-02-09,HI,2,0,0,2
2021-02-10,HI,2,0,0,2
2021-02-11,HI,2,0,0,2
2021-02-12,HI,2,0,0,2
2021-02-13,HI,2,0,0,2
2021-02-14,HI,2,0,0,2
2021-02-15,HI,2,0,0,2
2021-02-16,HI,2,0,0,2
2021-02-17,HI,2,0,0,2
2021-02-18,HI,2,0,0,2
2021-02-19,HI,2,0,0,2
2021-02-20,HI,2,0,0,2
2021-02-21,HI,2,0,0,2
2021-02-22,HI,2,0,0,2
2021-02-23,HI,2,0,0,2
2021-02-24,HI,2,0,0,2
2021-02-25,HI,2,0,0,2
2021-02-26,HI,2,0,0,2
2021-02-27,HI,2,0,0,2
2021-02-28,HI,2,0,0,2
2021-03-01,HI,2,0,0,2
2021-03-02,HI,6,0,0,6
2021-03-03,HI,6,0,0,6
2021-03-04,HI,6,0,0,6
2021-03-05,HI,6,0,0,6
2021-03-06,HI,6,0,0,6
2021-03-07,HI,6,0,0,6
2021-03-08,HI,6,0,0,6
2021-03-09,HI,6,0,0,6
2021-03-10,HI,6,0,0,6
2021-03-11,HI,6,0,0,6
2021-03-12,HI,6,0,0,6
2021-03-13,HI,6,0,0,6
2021-03-14,HI,6,0,0,6
2021-03-15,HI,6,0,0,6
2021-03-16,HI,6,0,0,6
2021-01-08,IA,0,0,0,0
2021-01-12,IA,0,0,0,0
2021-01-14,IA,0,0,0,0
2021-01-19,IA,0,0,0,0
2021-01-20,IA,0,0,0,0
2021-01-21,IA,0,0,0,0
2021-01-22,IA,0,0,0,0
2021-01-23,IA,0,0,0,0
2021-01-24,IA,0,0,0,0
2021-01-25,IA,0,0,0,0
2021-01-26,IA,0,0,0,0
2021-01-27,IA,0,0,0,0
2021-01-28,IA,0,0,0,0
2021-01-29,IA,0,0,0,0
2021-01-30,IA,0,0,0,0
2021-01-31,IA,0,0,0,0
2021-02-01,IA,0,0,0,0
2021-02-02,IA,3,0,0,3
2021-02-03,IA,3,0,0,3
2021-02-04,IA,3,0,0,3
2021-02-05,IA,3,0,0,3
2021-02-06,IA,3,0,0,3
2021-02-07,IA,3,0,0,3
2021-02-08,IA,3,0,0,3
2021-02-09,IA,3,0,0,3
2021-02-10,IA,3,0,0,3
2021-02-11,IA,8,0,0,8
2021-02-12,IA,8,0,0,8
2021-02-13,IA,8,0,0,8
2021-02-14,IA,8,0,0,8
2021-02-15,IA,8,0,0,8
2021-02-16,IA,8,0,0,8
2021-02-17,IA,8,0,0,8
2021-02-18,IA,8,0,0,8
2021-02-19,IA,8,0,0,8
2021-02-20,IA,8,0,0,8
2021-02-21,IA,10,0,0,10
2021-02-22,IA,10,0,0,10
2021-02-23,IA,10,0,0,10
2021-02-24,IA,10,0,0,10
2021-02-25,IA,10,0,0,10
2021-02-26,IA,10,0,0,10
2021-02-27,IA,10,0,0,10
2021-02-28,IA,10,0,0,10
2021-03-01,IA,10,0,0,10
2021-03-02,IA,14,0,0,14
2021-03-03,IA,14,0,0,14
2021-03-04,IA,14,0,0,14
2021-03-05,IA,14,0,0,14
2021-03-06,IA,14,0,0,14
2021-03-07,IA,20,0,0,20
2021-03-08,IA,20,0,0,20
2021-03-09,IA,20,0,0,20
2021-03-10,IA,20,0,0,20
2021-03-11,IA,23,0,0,23
2021-03-12,IA,23,0,0,23
2021-03-13,IA,23,0,0,23
2021-03-14,IA,25,0,0,25
2021-03-15,IA,25,0,0,25
2021-03-16,IA,25,0,0,25
2021-01-08,ID,0,0,0,0
2021-01-12,ID,0,0,0,0
2021-01-14,ID,0,0,0,0
2021-01-19,ID,0,0,0,0
2021-01-20,ID,0,0,0,0
2021-01-21,ID,0,0,0,0
2021-01-22,ID,0,0,0,0
2021-01-23,ID,0,0,0,0
2021-01-24,ID,0,0,0,0
2021-01-25,ID,0,0,0,0
2021-01-26,ID,0,0,0,0
2021-01-27,ID,0,0,0,0
2021-01-28,ID,0,0,0,0
2021-01-29,ID,0,0,0,0
2021-01-30,ID,0,0,0,0
2021-01-31,ID,0,0,0,0
2021-02-01,ID,0,0,0,0
2021-02-02,ID,0,0,0,0
2021-02-03,ID,0,0,0,0
2021-02-04,ID,0,0,0,0
2021-02-05,ID,0,0,0,0
2021-02-06,ID,0,0,0,0
2021-02-07,ID,0,0,0,0
2021-02-08,ID,0,0,0,0
2021-02-09,ID,0,0,0,0
2021-02-10,ID,0,0,0,0
2021-02-11,ID,0,0,0,0
2021-02-12,ID,0,0,0,0
2021-02-13,ID,0,0,0,0
2021-02-14,ID,0,0,0,0
2021-02-15,ID,0,0,0,0
2021-02-16,ID,0,0,0,0
2021-02-17,ID,0,0,0,0
2021-02-18,ID,0,0,0,0
2021-02-19,ID,0,0,0,0
2021-02-20,ID,0,0,0,0
2021-02-21,ID,0,0,0,0
2021-02-22,ID,0,0,0,0
2021-02-23,ID,0,0,1,1
2021-02-24,ID,0,0,1,1
2021-02-25,ID,0,0,1,1
2021-02-26,ID,0,0,1,1
2021-02-27,ID,0,0,1,1
2021-02-28,ID,0,0,1,1
2021-03-01,ID,0,0,1,1
2021-03-02,ID,0,0,1,1
2021-03-03,ID,0,0,1,1
2021-03-04,ID,2,0,2,4
2021-03-05,ID,2,0,2,4
2021-03-06,ID,2,0,2,4
2021-03-07,ID,2,0,2,4
2021-03-08,ID,2,0,2,4
2021-03-09,ID,2,0,2,4
2021-03-10,ID,2,0,2,4
2021-03-11,ID,2,0,2,4
2021-03-12,ID,2,0,2,4
2021-03-13,ID,2,0,2,4
2021-03-14,ID,8,0,2,10
2021-03-15,ID,8,0,2,10
2021-03-16,ID,8,0,2,10
2021-01-08,IL,0,0,0,0
2021-01-12,IL,0,0,0,0
2021-01-14,IL,0,0,0,0
2021-01-19,IL,1,0,0,1
2021-01-20,IL,1,0,0,1
2021-01-21,IL,1,0,0,1
2021-01-22,IL,1,0,0,1
2021-01-23,IL,1,0,0,1
2021-01-24,IL,1,0,0,1
2021-01-25,IL,9,0,0,9
2021-01-26,IL,9,0,0,9
2021-01-27,IL,9,0,0,9
2021-01-28,IL,9,0,0,9
2021-01-29,IL,9,0,0,9
2021-01-30,IL,9,0,0,9
2021-01-31,IL,9,0,0,9
2021-02-01,IL,9,0,0,9
2021-02-02,IL,12,0,0,12
2021-02-03,IL,12,0,0,12
2021-02-04,IL,17,0,0,17
2021-02-05,IL,17,0,0,17
2021-02-06,IL,17,0,0,17
2021-02-07,IL,17,0,0,17
2021-02-08,IL,17,0,0,17
2021-02-09,IL,22,0,0,22
2021-02-10,IL,22,0,0,22
2021-02-11,IL,23,0,0,23
2021-02-12,IL,23,0,0,23
2021-02-13,IL,23,0,0,23
2021-02-14,IL,23,0,1,24
2021-02-15,IL,23,0,1,24
2021-02-16,IL,25,0,1,26
2021-02-17,IL,25,0,1,26
2021-02-18,IL,43,0,1,44
2021-02-19,IL,43,0,1,44
2021-02-20,IL,43,0,1,44
2021-02-21,IL,43,0,1,44
2021-02-22,IL,43,0,1,44
2021-02-23,IL,42,0,1,43
2021-02-24,IL,42,0,1,43
2021-02-25,IL,42,0,1,43
2021-02-26,IL,42,0,1,43
2021-02-27,IL,42,0,1,43
2021-02-28,IL,42,0,1,43
2021-03-01,IL,42,0,1,43
2021-03-02,IL,69,0,1,70
2021-03-03,IL,69,0,1,70
2021-03-04,IL,69,0,1,70
2021-03-05,IL,69,0,1,70
2021-03-06,IL,69,0,1,70
2021-03-07,IL,85,1,2,88
2021-03-08,IL,85,1,2,88
2021-03-09,IL,85,1,2,88
2021-03-10,IL,85,1,2,88
2021-03-11,IL,94,2,2,98
2021-03-12,IL,94,2,2,98
2021-03-13,IL,94,2,2,98
2021-03-14,IL,94,2,2,98
2021-03-15,IL,94,2,2,98
2021-03-16,IL,94,2,3,99
2021-01-08,IN,0,0,0,0
2021-01-12,IN,1,0,0,1
2021-01-14,IN,1,0,0,1
2021-01-19,IN,4,0,0,4
2021-01-20,IN,4,0,0,4
2021-01-21,IN,4,0,0,4
2021-01-22,IN,4,0,0,4
2021-01-23,IN,4,0,0,4
2021-01-24,IN,4,0,0,4
2021-01-25,IN,4,0,0,4
2021-01-26,IN,4,0,0,4
2021-01-27,IN,4,0,0,4
2021-01-28,IN,4,0,0,4
2021-01-29,IN,4,0,0,4
2021-01-30,IN,4,0,0,4
2021-01-31,IN,6,0,0,6
2021-02-01,IN,6,0,0,6
2021-02-02,IN,7,0,0,7
2021-02-03,IN,7,0,0,7
2021-02-04,IN,8,0,0,8
2021-02-05,IN,8,0,0,8
2021-02-06,IN,8,0,0,8
2021-02-07,IN,9,0,0,9
2021-02-08,IN,9,0,0,9
2021-02-09,IN,12,0,0,12
2021-02-10,IN,12,0,0,12
2021-02-11,IN,12,0,0,12
2021-02-12,IN,12,0,0,12
2021-02-13,IN,12,0,0,12
2021-02-14,IN,12,0,0,12
2021-02-15,IN,12,0,0,12
2021-02-16,IN,13,0,0,13
2021-02-17,IN,13,0,0,13
2021-02-18,IN,14,0,0,14
2021-02-19,IN,14,0,0,14
2021-02-20,IN,14,0,0,14
2021-02-21,IN,14,0,0,14
2021-02-22,IN,14,0,0,14
2021-02-23,IN,16,0,0,16
2021-02-24,IN,16,0,0,16
2021-02-25,IN,16,0,0,16
2021-02-26,IN,16,0,0,16
2021-02-27,IN,16,0,0,16
2021-02-28,IN,16,0,0,16
2021-03-01,IN,16,0,0,16
2021-03-02,IN,19,0,0,19
2021-03-03,IN,19,0,0,19
2021-03-04,IN,19,0,0,19
2021-03-05,IN,19,0,0,19
2021-03-06,IN,19,0,0,19
2021-03-07,IN,28,0,0,28
2021-03-08,IN,28,0,0,28
2021-03-09,IN,28,0,0,28
2021-03-10,IN,28,0,0,28
2021-03-11,IN,30,0,0,30
2021-03-12,IN,30,0,0,30
2021-03-13,IN,30,0,0,30
2021-03-14,IN,31,0,0,31
2021-03-15,IN,31,0,0,31
2021-03-16,IN,57,0,0,57
2021-01-08,KS,0,0,0,0
2021-01-12,KS,0,0,0,0
2021-01-14,KS,0,0,0,0
2021-01-19,KS,0,0,0,0
2021-01-20,KS,0,0,0,0
2021-01-21,KS,0,0,0,0
2021-01-22,KS,0,0,0,0
2021-01-23,KS,0,0,0,0
2021-01-24,KS,0,0,0,0
2021-01-25,KS,0,0,0,0
2021-01-26,KS,0,0,0,0
2021-01-27,KS,0,0,0,0
2021-01-28,KS,0,0,0,0
2021-01-29,KS,0,0,0,0
2021-01-30,KS,0,0,0,0
2021-01-31,KS,0,0,0,0
2021-02-01,KS,0,0,0,0
2021-02-02,KS,0,0,0,0
2021-02-03,KS,0,0,0,0
2021-02-04,KS,0,0,0,0
2021-02-05,KS,0,0,0,0
2021-02-06,KS,0,0,0,0
2021-02-07,KS,0,0,0,0
2021-02-08,KS,0,0,0,0
2021-02-09,KS,0,0,0,0
2021-02-10,KS,0,0,0,0
2021-02-11,KS,1,0,0,1
2021-02-12,KS,1,0,0,1
2021-02-13,KS,1,0,0,1
2021-02-14,KS,1,0,0,1
2021-02-15,KS,1,0,0,1
2021-02-16,KS,1,0,0,1
2021-02-17,KS,1,0,0,1
2021-02-18,KS,2,0,0,2
2021-02-19,KS,2,0,0,2
2021-02-20,KS,2,0,0,2
2021-02-21,KS,2,0,0,2
2021-02-22,KS,2,0,0,2
2021-02-23,KS,2,0,0,2
2021-02-24,KS,2,0,0,2
2021-02-25,KS,2,0,0,2
2021-02-26,KS,2,0,0,2
2021-02-27,KS,2,0,0,2
2021-02-28,KS,2,0,0,2
2021-03-01,KS,2,0,0,2
2021-03-02,KS,10,0,0,10
2021-03-03,KS,10,0,0,10
2021-03-04,KS,14,0,0,14
2021-03-05,KS,14,0,0,14
2021-03-06,KS,14,0,0,14
2021-03-07,KS,14,0,0,14
2021-03-08,KS,14,0,0,14
2021-03-09,KS,14,0,0,14
2021-03-10,KS,14,0,0,14
2021-03-11,KS,14,0,0,14
2021-03-12,KS,14,0,0,14
2021-03-13,KS,14,0,0,14
2021-03-14,KS,14,0,0,14
2021-03-15,KS,14,0,0,14
2021-03-16,KS,14,0,0,14
2021-01-08,KY,0,0,0,0
2021-01-12,KY,0,0,0,0
2021-01-14,KY,0,0,0,0
2021-01-19,KY,0,0,0,0
2021-01-20,KY,0,0,0,0
2021-01-21,KY,0,0,0,0
2021-01-22,KY,0,0,0,0
2021-01-23,KY,0,0,0,0
2021-01-24,KY,0,0,0,0
2021-01-25,KY,0,0,0,0
2021-01-26,KY,0,0,0,0
2021-01-27,KY,2,0,0,2
2021-01-28,KY,2,0,0,2
2021-01-29,KY,2,0,0,2
2021-01-30,KY,2,0,0,2
2021-01-31,KY,2,0,0,2
2021-02-01,KY,2,0,0,2
2021-02-02,KY,2,0,0,2
2021-02-03,KY,2,0,0,2
2021-02-04,KY,2,0,0,2
2021-02-05,KY,2,0,0,2
2021-02-06,KY,2,0,0,2
2021-02-07,KY,2,0,0,2
2021-02-08,KY,2,0,0,2
2021-02-09,KY,2,0,0,2
2021-02-10,KY,2,0,0,2
2021-02-11,KY,2,0,0,2
2021-02-12,KY,2,0,0,2
2021-02-13,KY,2,0,0,2
2021-02-14,KY,5,0,0,5
2021-02-15,KY,5,0,0,5
2021-02-16,KY,5,0,0,5
2021-02-17,KY,5,0,0,5
2021-02-18,KY,5,0,0,5
2021-02-19,KY,5,0,0,5
2021-02-20,KY,5,0,0,5
2021-02-21,KY,5,0,0,5
2021-02-22,KY,5,0,0,5
2021-02-23,KY,5,0,0,5
2021-02-24,KY,5,0,0,5
2021-02-25,KY,5,0,0,5
2021-02-26,KY,5,0,0,5
2021-02-27,KY,5,0,0,5
2021-02-28,KY,5,0,0,5
2021-03-01,KY,5,0,0,5
2021-03-02,KY,5,0,0,5
2021-03-03,KY,5,0,0,5
2021-03-04,KY,5,0,0,5
2021-03-05,KY,5,0,0,5
2021-03-06,KY,5,0,0,5
2021-03-07,KY,5,0,0,5
2021-03-08,KY,5,0,0,5
2021-03-09,KY,5,0,0,5
2021-03-10,KY,5,0,0,5
2021-03-11,KY,8,0,0,8
2021-03-12,KY,8,0,0,8
2021-03-13,KY,8,0,0,8
2021-03-14,KY,13,0,0,13
2021-03-15,KY,13,0,0,13
2021-03-16,KY,13,0,0,13
2021-01-08,LA,0,0,0,0
2021-01-12,LA,0,0,0,0
2021-01-14,LA,0,0,0,0
2021-01-19,LA,1,0,0,1
2021-01-20,LA,1,0,0,1
2021-01-21,LA,1,0,0,1
2021-01-22,LA,1,0,0,1
2021-01-23,LA,1,0,0,1
2021-01-24,LA,1,0,0,1
2021-01-25,LA,1,0,0,1
2021-01-26,LA,1,0,0,1
2021-01-27,LA,1,0,0,1
2021-01-28,LA,1,0,0,1
2021-01-29,LA,3,0,0,3
2021-01-30,LA,3,0,0,3
2021-01-31,LA,3,0,0,3
2021-02-01,LA,3,0,0,3
2021-02-02,LA,5,0,0,5
2021-02-03,LA,5,0,0,5
2021-02-04,LA,5,0,0,5
2021-02-05,LA,5,0,0,5
2021-02-06,LA,5,0,0,5
2021-02-07,LA,6,0,0,6
2021-02-08,LA,6,0,0,6
2021-02-09,LA,8,0,0,8
2021-02-10,LA,8,0,0,8
2021-02-11,LA,14,0,0,14
2021-02-12,LA,14,0,0,14
2021-02-13,LA,14,0,0,14
2021-02-14,LA,14,0,0,14
2021-02-15,LA,14,0,0,14
2021-02-16,LA,15,0,0,15
2021-02-17,LA,15,0,0,15
2021-02-18,LA,15,0,0,15
2021-02-19,LA,15,0,0,15
2021-02-20,LA,15,0,0,15
2021-02-21,LA,15,0,0,15
2021-02-22,LA,15,0,0,15
2021-02-23,LA,17,0,0,17
2021-02-24,LA,17,0,0,17
2021-02-25,LA,17,0,0,17
2021-02-26,LA,17,0,0,17
2021-02-27,LA,17,0,0,17
2021-02-28,LA,18,0,0,18
2021-03-01,LA,18,0,0,18
2021-03-02,LA,18,0,0,18
2021-03-03,LA,18,0,0,18
2021-03-04,LA,18,0,0,18
2021-03-05,LA,18,0,0,18
2021-03-06,LA,18,0,0,18
2021-03-07,LA,18,0,0,18
2021-03-08,LA,18,0,0,18
2021-03-09,LA,20,0,0,20
2021-03-10,LA,20,0,0,20
2021-03-11,LA,20,0,0,20
2021-03-12,LA,20,0,0,20
2021-03-13,LA,20,0,0,20
2021-03-14,LA,24,0,0,24
2021-03-15,LA,24,0,0,24
2021-03-16,LA,24,0,0,24
2021-01-08,MA,0,0,0,0
2021-01-12,MA,0,0,0,0
2021-01-14,MA,0,0,0,0
2021-01-19,MA,1,0,0,1
2021-01-20,MA,2,0,0,2
2021-01-21,MA,2,0,0,2
2021-01-22,MA,2,0,0,2
2021-01-23,MA,2,0,0,2
2021-01-24,MA,2,0,0,2
2021-01-25,MA,3,0,0,3
2021-01-26,MA,3,0,0,3
2021-01-27,MA,3,0,0,3
2021-01-28,MA,3,0,0,3
2021-01-29,MA,3,0,0,3
2021-01-30,MA,3,0,0,3
2021-01-31,MA,5,0,0,5
2021-02-01,MA,5,0,0,5
2021-02-02,MA,5,0,0,5
2021-02-03,MA,5,0,0,5
2021-02-04,MA,7,0,0,7
2021-02-05,MA,7,0,0,7
2021-02-06,MA,7,0,0,7
2021-02-07,MA,7,0,0,7
2021-02-08,MA,7,0,0,7
2021-02-09,MA,9,0,0,9
2021-02-10,MA,9,0,0,9
2021-02-11,MA,10,0,0,10
2021-02-12,MA,10,0,0,10
2021-02-13,MA,10,0,0,10
2021-02-14,MA,29,0,0,29
2021-02-15,MA,29,0,0,29
2021-02-16,MA,34,0,1,35
2021-02-17,MA,34,0,1,35
2021-02-18,MA,44,0,2,46
2021-02-19,MA,44,0,2,46
2021-02-20,MA,44,0,2,46
2021-02-21,MA,44,0,2,46
2021-02-22,MA,44,0,2,46
2021-02-23,MA,51,0,2,53
2021-02-24,MA,51,0,2,53
2021-02-25,MA,51,0,2,53
2021-02-26,MA,51,0,2,53
2021-02-27,MA,51,0,2,53
2021-02-28,MA,57,0,4,61
2021-03-01,MA,57,0,4,61
2021-03-02,MA,57,0,4,61
2021-03-03,MA,57,0,4,61
2021-03-04,MA,57,0,4,61
2021-03-05,MA,57,0,4,61
2021-03-06,MA,57,0,4,61
2021-03-07,MA,57,0,4,61
2021-03-08,MA,57,0,4,61
2021-03-09,MA,106,0,5,111
2021-03-10,MA,106,0,5,111
2021-03-11,MA,106,0,5,111
2021-03-12,MA,106,0,5,111
2021-03-13,MA,106,0,5,111
2021-03-14,MA,371,0,10,381
2021-03-15,MA,371,0,10,381
2021-03-16,MA,213,0,6,219
2021-01-08,MD,0,0,0,0
2021-01-12,MD,0,0,0,0
2021-01-14,MD,2,0,0,2
2021-01-19,MD,2,0,0,2
2021-01-20,MD,3,0,0,3
2021-01-21,MD,3,0,0,3
2021-01-22,MD,4,0,0,4
2021-01-23,MD,4,0,0,4
2021-01-24,MD,4,0,0,4
2021-01-25,MD,4,0,0,4
2021-01-26,MD,4,0,0,4
2021-01-27,MD,4,0,0,4
2021-01-28,MD,4,0,0,4
2021-01-29,MD,7,0,0,7
2021-01-30,MD,7,0,0,7
2021-01-31,MD,8,0,1,9
2021-02-01,MD,8,0,1,9
2021-02-02,MD,8,0,1,9
2021-02-03,MD,8,0,1,9
2021-02-04,MD,12,0,3,15
2021-02-05,MD,12,0,3,15
2021-02-06,MD,12,0,3,15
2021-02-07,MD,16,0,3,19
2021-02-08,MD,16,0,3,19
2021-02-09,MD,17,0,6,23
2021-02-10,MD,17,0,6,23
2021-02-11,MD,22,0,7,29
2021-02-12,MD,22,0,7,29
2021-02-13,MD,22,0,7,29
2021-02-14,MD,22,0,7,29
2021-02-15,MD,22,0,7,29
2021-02-16,MD,22,0,7,29
2021-02-17,MD,22,0,7,29
2021-02-18,MD,47,1,8,56
2021-02-19,MD,47,1,8,56
2021-02-20,MD,47,1,8,56
2021-02-21,MD,47,1,8,56
2021-02-22,MD,47,1,8,56
2021-02-23,MD,58,1,9,68
2021-02-24,MD,58,1,9,68
2021-02-25,MD,68,1,9,78
2021-02-26,MD,68,1,9,78
2021-02-27,MD,68,1,9,78
2021-02-28,MD,68,1,9,78
2021-03-01,MD,68,1,9,78
2021-03-02,MD,89,1,10,100
2021-03-03,MD,89,1,10,100
2021-03-04,MD,109,1,12,122
2021-03-05,MD,109,1,12,122
2021-03-06,MD,109,1,12,122
2021-03-07,MD,126,1,13,140
2021-03-08,MD,126,1,13,140
2021-03-09,MD,133,1,13,147
2021-03-10,MD,133,1,13,147
2021-03-11,MD,183,1,17,201
2021-03-12,MD,183,1,17,201
2021-03-13,MD,183,1,17,201
2021-03-14,MD,209,1,22,232
2021-03-15,MD,209,1,22,232
2021-03-16,MD,209,1,22,232
2021-01-08,ME,0,0,0,0
2021-01-12,ME,0,0,0,0
2021-01-14,ME,0,0,0,0
2021-01-19,ME,0,0,0,0
2021-01-20,ME,0,0,0,0
2021-01-21,ME,0,0,0,0
2021-01-22,ME,0,0,0,0
2021-01-23,ME,0,0,0,0
2021-01-24,ME,0,0,0,0
2021-01-25,ME,0,0,0,0
2021-01-26,ME,0,0,0,0
2021-01-27,ME,0,0,0,0
2021-01-28,ME,0,0,0,0
2021-01-29,ME,0,0,0,0
2021-01-30,ME,0,0,0,0
2021-01-31,ME,0,0,0,0
2021-02-01,ME,0,0,0,0
2021-02-02,ME,0,0,0,0
2021-02-03,ME,0,0,0,0
2021-02-04,ME,0,0,0,0
2021-02-05,ME,0,0,0,0
2021-02-06,ME,0,0,0,0
2021-02-07,ME,0,0,0,0
2021-02-08,ME,0,0,0,0
2021-02-09,ME,0,0,0,0
2021-02-10,ME,0,0,0,0
2021-02-11,ME,0,0,0,0
2021-02-12,ME,0,0,0,0
2021-02-13,ME,0,0,0,0
2021-02-14,ME,1,0,0,1
2021-02-15,ME,1,0,0,1
2021-02-16,ME,2,0,0,2
2021-02-17,ME,2,0,0,2
2021-02-18,ME,2,0,0,2
2021-02-19,ME,2,0,0,2
2021-02-20,ME,2,0,0,2
2021-02-21,ME,2,0,0,2
2021-02-22,ME,2,0,0,2
2021-02-23,ME,2,0,0,2
2021-02-24,ME,2,0,0,2
2021-02-25,ME,2,0,0,2
2021-02-26,ME,2,0,0,2
2021-02-27,ME,2,0,0,2
2021-02-28,ME,2,0,0,2
2021-03-01,ME,2,0,0,2
2021-03-02,ME,2,0,0,2
2021-03-03,ME,2,0,0,2
2021-03-04,ME,2,0,0,2
2021-03-05,ME,2,0,0,2
2021-03-06,ME,2,0,0,2
2021-03-07,ME,3,0,1,4
2021-03-08,ME,3,0,1,4
2021-03-09,ME,4,0,1,5
2021-03-10,ME,4,0,1,5
2021-03-11,ME,5,0,1,6
2021-03-12,ME,5,0,1,6
2021-03-13,ME,5,0,1,6
2021-03-14,ME,5,0,1,6
2021-03-15,ME,5,0,1,6
2021-03-16,ME,5,0,1,6
2021-01-08,MH,0,0,0,0
2021-01-12,MH,0,0,0,0
2021-01-14,MH,0,0,0,0
2021-01-19,MH,0,0,0,0
2021-01-20,MH,0,0,0,0
2021-01-21,MH,0,0,0,0
2021-01-22,MH,0,0,0,0
2021-01-23,MH,0,0,0,0
2021-01-24,MH,0,0,0,0
2021-01-25,MH,0,0,0,0
2021-01-26,MH,0,0,0,0
2021-01-27,MH,0,0,0,0
2021-01-28,MH,0,0,0,0
2021-01-29,MH,0,0,0,0
2021-01-30,MH,0,0,0,0
2021-01-31,MH,0,0,0,0
2021-02-01,MH,0,0,0,0
2021-02-02,MH,0,0,0,0
2021-02-03,MH,0,0,0,0
2021-02-04,MH,0,0,0,0
2021-02-05,MH,0,0,0,0
2021-02-06,MH,0,0,0,0
2021-02-07,MH,0,0,0,0
2021-02-08,MH,0,0,0,0
2021-02-09,MH,0,0,0,0
2021-02-10,MH,0,0,0,0
2021-02-11,MH,0,0,0,0
2021-02-12,MH,0,0,0,0
2021-02-13,MH,0,0,0,0
2021-02-14,MH,0,0,0,0
2021-02-15,MH,0,0,0,0
2021-02-16,MH,0,0,0,0
2021-02-17,MH,0,0,0,0
2021-02-18,MH,0,0,0,0
2021-02-19,MH,0,0,0,0
2021-02-20,MH,0,0,0,0
2021-02-21,MH,0,0,0,0
2021-02-22,MH,0,0,0,0
2021-02-23,MH,0,0,0,0
2021-02-24,MH,0,0,0,0
2021-02-25,MH,0,0,0,0
2021-02-26,MH,0,0,0,0
2021-02-27,MH,0,0,0,0
2021-02-28,MH,0,0,0,0
2021-03-01,MH,0,0,0,0
2021-03-02,MH,0,0,0,0
2021-03-03,MH,0,0,0,0
2021-03-04,MH,0,0,0,0
2021-03-05,MH,0,0,0,0
2021-03-06,MH,0,0,0,0
2021-03-07,MH,0,0,0,0
2021-03-08,MH,0,0,0,0
2021-03-09,MH,0,0,0,0
2021-03-10,MH,0,0,0,0
2021-03-11,MH,0,0,0,0
2021-03-12,MH,0,0,0,0
2021-03-13,MH,0,0,0,0
2021-03-14,MH,0,0,0,0
2021-03-15,MH,0,0,0,0
2021-03-16,MH,0,0,0,0
2021-01-08,MI,0,0,0,0
2021-01-12,MI,0,0,0,0
2021-01-14,MI,0,0,0,0
2021-01-19,MI,1,0,0,1
2021-01-20,MI,1,0,0,1
2021-01-21,MI,1,0,0,1
2021-01-22,MI,3,0,0,3
2021-01-23,MI,3,0,0,3
2021-01-24,MI,3,0,0,3
2021-01-25,MI,17,0,0,17
2021-01-26,MI,17,0,0,17
2021-01-27,MI,17,0,0,17
2021-01-28,MI,17,0,0,17
2021-01-29,MI,22,0,0,22
2021-01-30,MI,22,0,0,22
2021-01-31,MI,22,0,0,22
2021-02-01,MI,22,0,0,22
2021-02-02,MI,22,0,0,22
2021-02-03,MI,22,0,0,22
2021-02-04,MI,29,0,0,29
2021-02-05,MI,29,0,0,29
2021-02-06,MI,29,0,0,29
2021-02-07,MI,29,0,0,29
2021-02-08,MI,29,0,0,29
2021-02-09,MI,29,0,0,29
2021-02-10,MI,29,0,0,29
2021-02-11,MI,29,0,0,29
2021-02-12,MI,29,0,0,29
2021-02-13,MI,29,0,0,29
2021-02-14,MI,61,0,0,61
2021-02-15,MI,61,0,0,61
2021-02-16,MI,67,0,0,67
2021-02-17,MI,67,0,0,67
2021-02-18,MI,157,0,0,157
2021-02-19,MI,157,0,0,157
2021-02-20,MI,157,0,0,157
2021-02-21,MI,210,0,0,210
2021-02-22,MI,210,0,0,210
2021-02-23,MI,210,0,0,210
2021-02-24,MI,210,0,0,210
2021-02-25,MI,336,0,0,336
2021-02-26,MI,336,0,0,336
2021-02-27,MI,336,0,0,336
2021-02-28,MI,421,0,0,421
2021-03-01,MI,421,0,0,421
2021-03-02,MI,421,0,0,421
2021-03-03,MI,421,0,0,421
2021-03-04,MI,421,0,0,421
2021-03-05,MI,421,0,0,421
2021-03-06,MI,421,0,0,421
2021-03-07,MI,437,0,0,437
2021-03-08,MI,437,0,0,437
2021-03-09,MI,437,0,0,437
2021-03-10,MI,437,0,0,437
2021-03-11,MI,562,0,1,563
2021-03-12,MI,562,0,1,563
2021-03-13,MI,562,0,1,563
2021-03-14,MI,616,0,1,617
2021-03-15,MI,616,0,1,617
2021-03-16,MI,616,0,1,617
2021-01-08,MN,0,0,0,0
2021-01-12,MN,5,0,0,5
2021-01-14,MN,5,0,0,5
2021-01-19,MN,5,0,0,5
2021-01-20,MN,5,0,0,5
2021-01-21,MN,5,0,0,5
2021-01-22,MN,5,0,0,5
2021-01-23,MN,5,0,0,5
2021-01-24,MN,5,0,0,5
2021-01-25,MN,5,0,0,5
2021-01-26,MN,5,0,0,5
2021-01-27,MN,8,0,0,8
2021-01-28,MN,8,0,0,8
2021-01-29,MN,10,1,0,11
2021-01-30,MN,10,1,0,11
2021-01-31,MN,11,1,0,12
2021-02-01,MN,11,1,0,12
2021-02-02,MN,16,2,0,18
2021-02-03,MN,16,2,0,18
2021-02-04,MN,16,2,0,18
2021-02-05,MN,16,2,0,18
2021-02-06,MN,16,2,0,18
2021-02-07,MN,16,2,0,18
2021-02-08,MN,16,2,0,18
2021-02-09,MN,16,2,0,18
2021-02-10,MN,16,2,0,18
2021-02-11,MN,18,2,0,20
2021-02-12,MN,18,2,0,20
2021-02-13,MN,18,2,0,20
2021-02-14,MN,18,2,0,20
2021-02-15,MN,18,2,0,20
2021-02-16,MN,18,2,0,20
2021-02-17,MN,18,2,0,20
2021-02-18,MN,18,2,0,20
2021-02-19,MN,18,2,0,20
2021-02-20,MN,18,2,0,20
2021-02-21,MN,43,2,0,45
2021-02-22,MN,43,2,0,45
2021-02-23,MN,43,2,0,45
2021-02-24,MN,43,2,0,45
2021-02-25,MN,57,2,0,59
2021-02-26,MN,57,2,0,59
2021-02-27,MN,57,2,0,59
2021-02-28,MN,78,2,0,80
2021-03-01,MN,78,2,0,80
2021-03-02,MN,78,2,0,80
2021-03-03,MN,78,2,0,80
2021-03-04,MN,78,2,0,80
2021-03-05,MN,78,2,0,80
2021-03-06,MN,78,2,0,80
2021-03-07,MN,78,2,0,80
2021-03-08,MN,78,2,0,80
2021-03-09,MN,78,2,0,80
2021-03-10,MN,78,2,0,80
2021-03-11,MN,78,2,0,80
2021-03-12,MN,78,2,0,80
2021-03-13,MN,78,2,0,80
2021-03-14,MN,251,2,1,254
2021-03-15,MN,251,2,1,254
2021-03-16,MN,251,2,1,254
2021-01-08,MO,0,0,0,0
2021-01-12,MO,0,0,0,0
2021-01-14,MO,0,0,0,0
2021-01-19,MO,0,0,0,0
2021-01-20,MO,0,0,0,0
2021-01-21,MO,0,0,0,0
2021-01-22,MO,0,0,0,0
2021-01-23,MO,0,0,0,0
2021-01-24,MO,0,0,0,0
2021-01-25,MO,0,0,0,0
2021-01-26,MO,0,0,0,0
2021-01-27,MO,0,0,0,0
2021-01-28,MO,0,0,0,0
2021-01-29,MO,0,0,0,0
2021-01-30,MO,0,0,0,0
2021-01-31,MO,0,0,0,0
2021-02-01,MO,0,0,0,0
2021-02-02,MO,0,0,0,0
2021-02-03,MO,0,0,0,0
2021-02-04,MO,0,0,0,0
2021-02-05,MO,0,0,0,0
2021-02-06,MO,0,0,0,0
2021-02-07,MO,0,0,0,0
2021-02-08,MO,0,0,0,0
2021-02-09,MO,0,0,0,0
2021-02-10,MO,0,0,0,0
2021-02-11,MO,1,0,0,1
2021-02-12,MO,1,0,0,1
2021-02-13,MO,1,0,0,1
2021-02-14,MO,1,0,0,1
2021-02-15,MO,1,0,0,1
2021-02-16,MO,1,0,0,1
2021-02-17,MO,1,0,0,1
2021-02-18,MO,1,0,0,1
2021-02-19,MO,1,0,0,1
2021-02-20,MO,1,0,0,1
2021-02-21,MO,1,0,0,1
2021-02-22,MO,1,0,0,1
2021-02-23,MO,1,0,0,1
2021-02-24,MO,1,0,0,1
2021-02-25,MO,1,0,0,1
2021-02-26,MO,1,0,0,1
2021-02-27,MO,1,0,0,1
2021-02-28,MO,1,0,0,1
2021-03-01,MO,1,0,0,1
2021-03-02,MO,1,0,0,1
2021-03-03,MO,1,0,0,1
2021-03-04,MO,1,0,0,1
2021-03-05,MO,1,0,0,1
2021-03-06,MO,1,0,0,1
2021-03-07,MO,1,0,0,1
2021-03-08,MO,1,0,0,1
2021-03-09,MO,1,0,0,1
2021-03-10,MO,1,0,0,1
2021-03-11,MO,1,0,0,1
2021-03-12,MO,1,0,0,1
2021-03-13,MO,1,0,0,1
2021-03-14,MO,3,0,0,3
2021-03-15,MO,3,0,0,3
2021-03-16,MO,3,0,0,3
2021-01-08,MP,0,0,0,0
2021-01-12,MP,0,0,0,0
2021-01-14,MP,0,0,0,0
2021-01-19,MP,0,0,0,0
2021-01-20,MP,0,0,0,0
2021-01-21,MP,0,0,0,0
2021-01-22,MP,0,0,0,0
2021-01-23,MP,0,0,0,0
2021-01-24,MP,0,0,0,0
2021-01-25,MP,0,0,0,0
2021-01-26,MP,0,0,0,0
2021-01-27,MP,0,0,0,0
2021-01-28,MP,0,0,0,0
2021-01-29,MP,0,0,0,0
2021-01-30,MP,0,0,0,0
2021-01-31,MP,0,0,0,0
2021-02-01,MP,0,0,0,0
2021-02-02,MP,0,0,0,0
2021-02-03,MP,0,0,0,0
2021-02-04,MP,0,0,0,0
2021-02-05,MP,0,0,0,0
2021-02-06,MP,0,0,0,0
2021-02-07,MP,0,0,0,0
2021-02-08,MP,0,0,0,0
2021-02-09,MP,0,0,0,0
2021-02-10,MP,0,0,0,0
2021-02-11,MP,0,0,0,0
2021-02-12,MP,0,0,0,0
2021-02-13,MP,0,0,0,0
2021-02-14,MP,0,0,0,0
2021-02-15,MP,0,0,0,0
2021-02-16,MP,0,0,0,0
2021-02-17,MP,0,0,0,0
2021-02-18,MP,0,0,0,0
2021-02-19,MP,0,0,0,0
2021-02-20,MP,0,0,0,0
2021-02-21,MP,0,0,0,0
2021-02-22,MP,0,0,0,0
2021-02-23,MP,0,0,0,0
2021-02-24,MP,0,0,0,0
2021-02-25,MP,0,0,0,0
2021-02-26,MP,0,0,0,0
2021-02-27,MP,0,0,0,0
2021-02-28,MP,0,0,0,0
2021-03-01,MP,0,0,0,0
2021-03-02,MP,0,0,0,0
2021-03-03,MP,0,0,0,0
2021-03-04,MP,0,0,0,0
2021-03-05,MP,0,0,0,0
2021-03-06,MP,0,0,0,0
2021-03-07,MP,0,0,0,0
2021-03-08,MP,0,0,0,0
2021-03-09,MP,0,0,0,0
2021-03-10,MP,0,0,0,0
2021-03-11,MP,0,0,0,0
2021-03-12,MP,0,0,0,0
2021-03-13,MP,0,0,0,0
2021-03-14,MP,0,0,0,0
2021-03-15,MP,0,0,0,0
2021-03-16,MP,0,0,0,0
2021-01-08,MS,0,0,0,0
2021-01-12,MS,0,0,0,0
2021-01-14,MS,0,0,0,0
2021-01-19,MS,0,0,0,0
2021-01-20,MS,0,0,0,0
2021-01-21,MS,0,0,0,0
2021-01-22,MS,0,0,0,0
2021-01-23,MS,0,0,0,0
2021-01-24,MS,0,0,0,0
2021-01-25,MS,0,0,0,0
2021-01-26,MS,0,0,0,0
2021-01-27,MS,0,0,0,0
2021-01-28,MS,0,0,0,0
2021-01-29,MS,0,0,0,0
2021-01-30,MS,0,0,0,0
2021-01-31,MS,0,0,0,0
2021-02-01,MS,0,0,0,0
2021-02-02,MS,0,0,0,0
2021-02-03,MS,0,0,0,0
2021-02-04,MS,0,0,0,0
2021-02-05,MS,0,0,0,0
2021-02-06,MS,0,0,0,0
2021-02-07,MS,0,0,0,0
2021-02-08,MS,0,0,0,0
2021-02-09,MS,0,0,0,0
2021-02-10,MS,0,0,0,0
2021-02-11,MS,0,0,0,0
2021-02-12,MS,0,0,0,0
2021-02-13,MS,0,0,0,0
2021-02-14,MS,0,0,0,0
2021-02-15,MS,0,0,0,0
2021-02-16,MS,1,0,0,1
2021-02-17,MS,1,0,0,1
2021-02-18,MS,1,0,0,1
2021-02-19,MS,1,0,0,1
2021-02-20,MS,1,0,0,1
2021-02-21,MS,1,0,0,1
2021-02-22,MS,1,0,0,1
2021-02-23,MS,1,0,0,1
2021-02-24,MS,1,0,0,1
2021-02-25,MS,1,0,0,1
2021-02-26,MS,1,0,0,1
2021-02-27,MS,1,0,0,1
2021-02-28,MS,1,0,0,1
2021-03-01,MS,1,0,0,1
2021-03-02,MS,1,0,0,1
2021-03-03,MS,1,0,0,1
2021-03-04,MS,1,0,0,1
2021-03-05,MS,1,0,0,1
2021-03-06,MS,1,0,0,1
2021-03-07,MS,1,0,0,1
2021-03-08,MS,1,0,0,1
2021-03-09,MS,1,0,0,1
2021-03-10,MS,1,0,0,1
2021-03-11,MS,1,0,0,1
2021-03-12,MS,1,0,0,1
2021-03-13,MS,1,0,0,1
2021-03-14,MS,9,0,0,9
2021-03-15,MS,9,0,0,9
2021-03-16,MS,9,0,0,9
2021-01-08,MT,0,0,0,0
2021-01-12,MT,0,0,0,0
2021-01-14,MT,0,0,0,0
2021-01-19,MT,0,0,0,0
2021-01-20,MT,0,0,0,0
2021-01-21,MT,0,0,0,0
2021-01-22,MT,0,0,0,0
2021-01-23,MT,0,0,0,0
2021-01-24,MT,0,0,0,0
2021-01-25,MT,0,0,0,0
2021-01-26,MT,0,0,0,0
2021-01-27,MT,0,0,0,0
2021-01-28,MT,0,0,0,0
2021-01-29,MT,0,0,0,0
2021-01-30,MT,0,0,0,0
2021-01-31,MT,0,0,0,0
2021-02-01,MT,0,0,0,0
2021-02-02,MT,0,0,0,0
2021-02-03,MT,0,0,0,0
2021-02-04,MT,0,0,0,0
2021-02-05,MT,0,0,0,0
2021-02-06,MT,0,0,0,0
2021-02-07,MT,0,0,0,0
2021-02-08,MT,0,0,0,0
2021-02-09,MT,0,0,0,0
2021-02-10,MT,0,0,0,0
2021-02-11,MT,0,0,0,0
2021-02-12,MT,0,0,0,0
2021-02-13,MT,0,0,0,0
2021-02-14,MT,0,0,0,0
2021-02-15,MT,0,0,0,0
2021-02-16,MT,0,0,0,0
2021-02-17,MT,0,0,0,0
2021-02-18,MT,0,0,0,0
2021-02-19,MT,0,0,0,0
2021-02-20,MT,0,0,0,0
2021-02-21,MT,0,0,0,0
2021-02-22,MT,0,0,0,0
2021-02-23,MT,0,0,0,0
2021-02-24,MT,0,0,0,0
2021-02-25,MT,0,0,0,0
2021-02-26,MT,0,0,0,0
2021-02-27,MT,0,0,0,0
2021-02-28,MT,0,0,0,0
2021-03-01,MT,0,0,0,0
2021-03-02,MT,0,0,0,0
2021-03-03,MT,0,0,0,0
2021-03-04,MT,0,0,0,0
2021-03-05,MT,0,0,0,0
2021-03-06,MT,0,0,0,0
2021-03-07,MT,3,0,0,3
2021-03-08,MT,3,0,0,3
2021-03-09,MT,3,0,0,3
2021-03-10,MT,3,0,0,3
2021-03-11,MT,3,0,0,3
2021-03-12,MT,3,0,0,3
2021-03-13,MT,3,0,0,3
2021-03-14,MT,5,0,0,5
2021-03-15,MT,5,0,0,5
2021-03-16,MT,5,0,0,5
2021-01-08,NC,0,0,0,0
2021-01-12,NC,0,0,0,0
2021-01-14,NC,0,0,0,0
2021-01-19,NC,0,0,0,0
2021-01-20,NC,0,0,0,0
2021-01-21,NC,0,0,0,0
2021-01-22,NC,0,0,0,0
2021-01-23,NC,0,0,0,0
2021-01-24,NC,0,0,0,0
2021-01-25,NC,1,0,0,1
2021-01-26,NC,1,0,0,1
2021-01-27,NC,1,0,0,1
2021-01-28,NC,1,0,0,1
2021-01-29,NC,5,0,0,5
2021-01-30,NC,5,0,0,5
2021-01-31,NC,5,0,0,5
2021-02-01,NC,5,0,0,5
2021-02-02,NC,5,0,0,5
2021-02-03,NC,5,0,0,5
2021-02-04,NC,5,0,0,5
2021-02-05,NC,5,0,0,5
2021-02-06,NC,5,0,0,5
2021-02-07,NC,5,0,0,5
2021-02-08,NC,5,0,0,5
2021-02-09,NC,21,0,0,21
2021-02-10,NC,21,0,0,21
2021-02-11,NC,21,0,1,22
2021-02-12,NC,21,0,1,22
2021-02-13,NC,21,0,1,22
2021-02-14,NC,23,0,1,24
2021-02-15,NC,23,0,1,24
2021-02-16,NC,23,0,1,24
2021-02-17,NC,23,0,1,24
2021-02-18,NC,37,0,1,38
2021-02-19,NC,37,0,1,38
2021-02-20,NC,37,0,1,38
2021-02-21,NC,37,0,1,38
2021-02-22,NC,37,0,1,38
2021-02-23,NC,37,0,1,38
2021-02-24,NC,37,0,1,38
2021-02-25,NC,40,0,3,43
2021-02-26,NC,40,0,3,43
2021-02-27,NC,40,0,3,43
2021-02-28,NC,40,0,3,43
2021-03-01,NC,40,0,3,43
2021-03-02,NC,40,0,3,43
2021-03-03,NC,40,0,3,43
2021-03-04,NC,40,0,3,43
2021-03-05,NC,40,0,3,43
2021-03-06,NC,40,0,3,43
2021-03-07,NC,40,0,3,43
2021-03-08,NC,40,0,3,43
2021-03-09,NC,40,0,3,43
2021-03-10,NC,40,0,3,43
2021-03-11,NC,40,0,3,43
2021-03-12,NC,40,0,3,43
2021-03-13,NC,40,0,3,43
2021-03-14,NC,40,0,3,43
2021-03-15,NC,40,0,3,43
2021-03-16,NC,40,0,3,43
2021-01-08,ND,0,0,0,0
2021-01-12,ND,0,0,0,0
2021-01-14,ND,0,0,0,0
2021-01-19,ND,0,0,0,0
2021-01-20,ND,0,0,0,0
2021-01-21,ND,0,0,0,0
2021-01-22,ND,0,0,0,0
2021-01-23,ND,0,0,0,0
2021-01-24,ND,0,0,0,0
2021-01-25,ND,0,0,0,0
2021-01-26,ND,0,0,0,0
2021-01-27,ND,0,0,0,0
2021-01-28,ND,0,0,0,0
2021-01-29,ND,0,0,0,0
2021-01-30,ND,0,0,0,0
2021-01-31,ND,0,0,0,0
2021-02-01,ND,0,0,0,0
2021-02-02,ND,0,0,0,0
2021-02-03,ND,0,0,0,0
2021-02-04,ND,0,0,0,0
2021-02-05,ND,0,0,0,0
2021-02-06,ND,0,0,0,0
2021-02-07,ND,0,0,0,0
2021-02-08,ND,0,0,0,0
2021-02-09,ND,0,0,0,0
2021-02-10,ND,0,0,0,0
2021-02-11,ND,0,0,0,0
2021-02-12,ND,0,0,0,0
2021-02-13,ND,0,0,0,0
2021-02-14,ND,0,0,0,0
2021-02-15,ND,0,0,0,0
2021-02-16,ND,0,0,0,0
2021-02-17,ND,0,0,0,0
2021-02-18,ND,0,0,0,0
2021-02-19,ND,0,0,0,0
2021-02-20,ND,0,0,0,0
2021-02-21,ND,0,0,0,0
2021-02-22,ND,0,0,0,0
2021-02-23,ND,4,0,0,4
2021-02-24,ND,4,0,0,4
2021-02-25,ND,4,0,0,4
2021-02-26,ND,4,0,0,4
2021-02-27,ND,4,0,0,4
2021-02-28,ND,4,0,0,4
2021-03-01,ND,4,0,0,4
2021-03-02,ND,4,0,0,4
2021-03-03,ND,4,0,0,4
2021-03-04,ND,4,0,0,4
2021-03-05,ND,4,0,0,4
2021-03-06,ND,4,0,0,4
2021-03-07,ND,4,0,0,4
2021-03-08,ND,4,0,0,4
2021-03-09,ND,4,0,0,4
2021-03-10,ND,4,0,0,4
2021-03-11,ND,4,0,0,4
2021-03-12,ND,4,0,0,4
2021-03-13,ND,4,0,0,4
2021-03-14,ND,7,0,0,7
2021-03-15,ND,7,0,0,7
2021-03-16,ND,7,0,0,7
2021-01-08,NE,0,0,0,0
2021-01-12,NE,0,0,0,0
2021-01-14,NE,0,0,0,0
2021-01-19,NE,0,0,0,0
2021-01-20,NE,0,0,0,0
2021-01-21,NE,0,0,0,0
2021-01-22,NE,0,0,0,0
2021-01-23,NE,0,0,0,0
2021-01-24,NE,0,0,0,0
2021-01-25,NE,0,0,0,0
2021-01-26,NE,0,0,0,0
2021-01-27,NE,0,0,0,0
2021-01-28,NE,0,0,0,0
2021-01-29,NE,0,0,0,0
2021-01-30,NE,0,0,0,0
2021-01-31,NE,0,0,0,0
2021-02-01,NE,0,0,0,0
2021-02-02,NE,0,0,0,0
2021-02-03,NE,0,0,0,0
2021-02-04,NE,0,0,0,0
2021-02-05,NE,0,0,0,0
2021-02-06,NE,0,0,0,0
2021-02-07,NE,0,0,0,0
2021-02-08,NE,0,0,0,0
2021-02-09,NE,0,0,0,0
2021-02-10,NE,0,0,0,0
2021-02-11,NE,0,0,0,0
2021-02-12,NE,0,0,0,0
2021-02-13,NE,0,0,0,0
2021-02-14,NE,0,0,0,0
2021-02-15,NE,0,0,0,0
2021-02-16,NE,0,0,0,0
2021-02-17,NE,0,0,0,0
2021-02-18,NE,0,0,0,0
2021-02-19,NE,0,0,0,0
2021-02-20,NE,0,0,0,0
2021-02-21,NE,0,0,0,0
2021-02-22,NE,0,0,0,0
2021-02-23,NE,0,0,0,0
2021-02-24,NE,0,0,0,0
2021-02-25,NE,0,0,0,0
2021-02-26,NE,0,0,0,0
2021-02-27,NE,0,0,0,0
2021-02-28,NE,1,0,0,1
2021-03-01,NE,1,0,0,1
2021-03-02,NE,1,0,0,1
2021-03-03,NE,1,0,0,1
2021-03-04,NE,1,0,0,1
2021-03-05,NE,1,0,0,1
2021-03-06,NE,1,0,0,1
2021-03-07,NE,1,0,0,1
2021-03-08,NE,1,0,0,1
2021-03-09,NE,7,0,0,7
2021-03-10,NE,7,0,0,7
2021-03-11,NE,7,0,0,7
2021-03-12,NE,7,0,0,7
2021-03-13,NE,7,0,0,7
2021-03-14,NE,7,0,0,7
2021-03-15,NE,7,0,0,7
2021-03-16,NE,7,0,0,7
2021-01-08,NH,0,0,0,0
2021-01-12,NH,0,0,0,0
2021-01-14,NH,0,0,0,0
2021-01-19,NH,0,0,0,0
2021-01-20,NH,0,0,0,0
2021-01-21,NH,0,0,0,0
2021-01-22,NH,0,0,0,0
2021-01-23,NH,0,0,0,0
2021-01-24,NH,0,0,0,0
2021-01-25,NH,0,0,0,0
2021-01-26,NH,0,0,0,0
2021-01-27,NH,0,0,0,0
2021-01-28,NH,0,0,0,0
2021-01-29,NH,0,0,0,0
2021-01-30,NH,0,0,0,0
2021-01-31,NH,0,0,0,0
2021-02-01,NH,0,0,0,0
2021-02-02,NH,0,0,0,0
2021-02-03,NH,0,0,0,0
2021-02-04,NH,0,0,0,0
2021-02-05,NH,0,0,0,0
2021-02-06,NH,0,0,0,0
2021-02-07,NH,0,0,0,0
2021-02-08,NH,0,0,0,0
2021-02-09,NH,0,0,0,0
2021-02-10,NH,0,0,0,0
2021-02-11,NH,0,0,0,0
2021-02-12,NH,0,0,0,0
2021-02-13,NH,0,0,0,0
2021-02-14,NH,1,0,0,1
2021-02-15,NH,1,0,0,1
2021-02-16,NH,1,0,0,1
2021-02-17,NH,1,0,0,1
2021-02-18,NH,1,0,0,1
2021-02-19,NH,1,0,0,1
2021-02-20,NH,1,0,0,1
2021-02-21,NH,1,0,0,1
2021-02-22,NH,1,0,0,1
2021-02-23,NH,1,0,0,1
2021-02-24,NH,1,0,0,1
2021-02-25,NH,1,0,0,1
2021-02-26,NH,1,0,0,1
2021-02-27,NH,1,0,0,1
2021-02-28,NH,1,0,0,1
2021-03-01,NH,1,0,0,1
2021-03-02,NH,1,0,0,1
2021-03-03,NH,1,0,0,1
2021-03-04,NH,1,0,0,1
2021-03-05,NH,1,0,0,1
2021-03-06,NH,1,0,0,1
2021-03-07,NH,6,0,0,6
2021-03-08,NH,6,0,0,6
2021-03-09,NH,6,0,0,6
2021-03-10,NH,6,0,0,6
2021-03-11,NH,9,0,0,9
2021-03-12,NH,9,0,0,9
2021-03-13,NH,9,0,0,9
2021-03-14,NH,19,0,0,19
2021-03-15,NH,19,0,0,19
2021-03-16,NH,20,0,0,20
2021-01-08,NJ,0,0,0,0
2021-01-12,NJ,0,0,0,0
2021-01-14,NJ,0,0,0,0
2021-01-19,NJ,0,0,0,0
2021-01-20,NJ,0,0,0,0
2021-01-21,NJ,0,0,0,0
2021-01-22,NJ,2,0,0,2
2021-01-23,NJ,2,0,0,2
2021-01-24,NJ,2,0,0,2
2021-01-25,NJ,2,0,0,2
2021-01-26,NJ,2,0,0,2
2021-01-27,NJ,2,0,0,2
2021-01-28,NJ,2,0,0,2
2021-01-29,NJ,8,0,0,8
2021-01-30,NJ,8,0,0,8
2021-01-31,NJ,8,0,0,8
2021-02-01,NJ,8,0,0,8
2021-02-02,NJ,8,0,0,8
2021-02-03,NJ,8,0,0,8
2021-02-04,NJ,11,0,0,11
2021-02-05,NJ,11,0,0,11
2021-02-06,NJ,11,0,0,11
2021-02-07,NJ,19,0,0,19
2021-02-08,NJ,19,0,0,19
2021-02-09,NJ,31,0,0,31
2021-02-10,NJ,31,0,0,31
2021-02-11,NJ,31,0,0,31
2021-02-12,NJ,31,0,0,31
2021-02-13,NJ,31,0,0,31
2021-02-14,NJ,38,0,0,38
2021-02-15,NJ,38,0,0,38
2021-02-16,NJ,38,0,0,38
2021-02-17,NJ,38,0,0,38
2021-02-18,NJ,50,0,0,50
2021-02-19,NJ,50,0,0,50
2021-02-20,NJ,50,0,0,50
2021-02-21,NJ,50,0,0,50
2021-02-22,NJ,50,0,0,50
2021-02-23,NJ,50,0,0,50
2021-02-24,NJ,50,0,0,50
2021-02-25,NJ,55,0,0,55
2021-02-26,NJ,55,0,0,55
2021-02-27,NJ,55,0,0,55
2021-02-28,NJ,55,0,0,55
2021-03-01,NJ,55,0,0,55
2021-03-02,NJ,55,0,0,55
2021-03-03,NJ,55,0,0,55
2021-03-04,NJ,72,2,0,74
2021-03-05,NJ,72,2,0,74
2021-03-06,NJ,72,2,0,74
2021-03-07,NJ,134,2,0,136
2021-03-08,NJ,134,2,0,136
2021-03-09,NJ,134,2,0,136
2021-03-10,NJ,134,2,0,136
2021-03-11,NJ,134,2,0,136
2021-03-12,NJ,134,2,0,136
2021-03-13,NJ,134,2,0,136
2021-03-14,NJ,160,2,1,163
2021-03-15,NJ,160,2,1,163
2021-03-16,NJ,160,2,1,163
2021-01-08,NM,0,0,0,0
2021-01-12,NM,0,0,0,0
2021-01-14,NM,0,0,0,0
2021-01-19,NM,1,0,0,1
2021-01-20,NM,2,0,0,2
2021-01-21,NM,2,0,0,2
2021-01-22,NM,2,0,0,2
2021-01-23,NM,2,0,0,2
2021-01-24,NM,2,0,0,2
2021-01-25,NM,2,0,0,2
2021-01-26,NM,2,0,0,2
2021-01-27,NM,2,0,0,2
2021-01-28,NM,2,0,0,2
2021-01-29,NM,2,0,0,2
2021-01-30,NM,2,0,0,2
2021-01-31,NM,2,0,0,2
2021-02-01,NM,2,0,0,2
2021-02-02,NM,2,0,0,2
2021-02-03,NM,2,0,0,2
2021-02-04,NM,2,0,0,2
2021-02-05,NM,2,0,0,2
2021-02-06,NM,2,0,0,2
2021-02-07,NM,2,0,0,2
2021-02-08,NM,2,0,0,2
2021-02-09,NM,2,0,0,2
2021-02-10,NM,2,0,0,2
2021-02-11,NM,2,0,0,2
2021-02-12,NM,2,0,0,2
2021-02-13,NM,2,0,0,2
2021-02-14,NM,2,0,0,2
2021-02-15,NM,2,0,0,2
2021-02-16,NM,2,0,0,2
2021-02-17,NM,2,0,0,2
2021-02-18,NM,2,0,0,2
2021-02-19,NM,2,0,0,2
2021-02-20,NM,2,0,0,2
2021-02-21,NM,2,0,0,2
2021-02-22,NM,2,0,0,2
2021-02-23,NM,4,0,0,4
2021-02-24,NM,4,0,0,4
2021-02-25,NM,4,0,0,4
2021-02-26,NM,4,0,0,4
2021-02-27,NM,4,0,0,4
2021-02-28,NM,4,0,0,4
2021-03-01,NM,4,0,0,4
2021-03-02,NM,4,0,0,4
2021-03-03,NM,4,0,0,4
2021-03-04,NM,4,0,0,4
2021-03-05,NM,4,0,0,4
2021-03-06,NM,4,0,0,4
2021-03-07,NM,6,0,0,6
2021-03-08,NM,6,0,0,6
2021-03-09,NM,6,0,0,6
2021-03-10,NM,6,0,0,6
2021-03-11,NM,9,0,0,9
2021-03-12,NM,9,0,0,9
2021-03-13,NM,9,0,0,9
2021-03-14,NM,9,0,0,9
2021-03-15,NM,9,0,0,9
2021-03-16,NM,9,0,0,9
2021-01-08,NV,0,0,0,0
2021-01-12,NV,0,0,0,0
2021-01-14,NV,0,0,0,0
2021-01-19,NV,0,0,0,0
2021-01-20,NV,0,0,0,0
2021-01-21,NV,0,0,0,0
2021-01-22,NV,0,0,0,0
2021-01-23,NV,0,0,0,0
2021-01-24,NV,0,0,0,0
2021-01-25,NV,0,0,0,0
2021-01-26,NV,0,0,0,0
2021-01-27,NV,1,0,0,1
2021-01-28,NV,1,0,0,1
2021-01-29,NV,1,0,0,1
2021-01-30,NV,1,0,0,1
2021-01-31,NV,1,0,0,1
2021-02-01,NV,1,0,0,1
2021-02-02,NV,2,0,0,2
2021-02-03,NV,2,0,0,2
2021-02-04,NV,5,0,0,5
2021-02-05,NV,5,0,0,5
2021-02-06,NV,5,0,0,5
2021-02-07,NV,5,0,0,5
2021-02-08,NV,5,0,0,5
2021-02-09,NV,5,0,0,5
2021-02-10,NV,5,0,0,5
2021-02-11,NV,6,0,0,6
2021-02-12,NV,6,0,0,6
2021-02-13,NV,6,0,0,6
2021-02-14,NV,6,0,0,6
2021-02-15,NV,6,0,0,6
2021-02-16,NV,6,0,0,6
2021-02-17,NV,6,0,0,6
2021-02-18,NV,6,0,0,6
2021-02-19,NV,6,0,0,6
2021-02-20,NV,6,0,0,6
2021-02-21,NV,6,0,0,6
2021-02-22,NV,6,0,0,6
2021-02-23,NV,7,0,1,8
2021-02-24,NV,7,0,1,8
2021-02-25,NV,7,0,1,8
2021-02-26,NV,7,0,1,8
2021-02-27,NV,7,0,1,8
2021-02-28,NV,7,0,1,8
2021-03-01,NV,7,0,1,8
2021-03-02,NV,10,0,1,11
2021-03-03,NV,10,0,1,11
2021-03-04,NV,10,0,1,11
2021-03-05,NV,10,0,1,11
2021-03-06,NV,10,0,1,11
2021-03-07,NV,10,0,1,11
2021-03-08,NV,10,0,1,11
2021-03-09,NV,10,0,1,11
2021-03-10,NV,10,0,1,11
2021-03-11,NV,10,0,1,11
2021-03-12,NV,10,0,1,11
2021-03-13,NV,10,0,1,11
2021-03-14,NV,10,0,1,11
2021-03-15,NV,10,0,1,11
2021-03-16,NV,10,0,1,11
2021-01-08,NY,1,0,0,1
2021-01-12,NY,4,0,0,4
2021-01-14,NY,4,0,0,4
2021-01-19,NY,4,0,0,4
2021-01-20,NY,17,0,0,17
2021-01-21,NY,17,0,0,17
2021-01-22,NY,22,0,0,22
2021-01-23,NY,22,0,0,22
2021-01-24,NY,22,0,0,22
2021-01-25,NY,22,0,0,22
2021-01-26,NY,22,0,0,22
2021-01-27,NY,22,0,0,22
2021-01-28,NY,22,0,0,22
2021-01-29,NY,42,0,0,42
2021-01-30,NY,42,0,0,42
2021-01-31,NY,42,0,0,42
2021-02-01,NY,42,0,0,42
2021-02-02,NY,42,0,0,42
2021-02-03,NY,42,0,0,42
2021-02-04,NY,42,0,0,42
2021-02-05,NY,42,0,0,42
2021-02-06,NY,42,0,0,42
2021-02-07,NY,59,0,0,59
2021-02-08,NY,59,0,0,59
2021-02-09,NY,59,0,0,59
2021-02-10,NY,59,0,0,59
2021-02-11,NY,59,0,0,59
2021-02-12,NY,59,0,0,59
2021-02-13,NY,59,0,0,59
2021-02-14,NY,59,0,0,59
2021-02-15,NY,59,0,0,59
2021-02-16,NY,70,0,0,70
2021-02-17,NY,70,0,0,70
2021-02-18,NY,70,0,0,70
2021-02-19,NY,70,0,0,70
2021-02-20,NY,70,0,0,70
2021-02-21,NY,82,0,0,82
2021-02-22,NY,82,0,0,82
2021-02-23,NY,136,0,1,137
2021-02-24,NY,136,0,1,137
2021-02-25,NY,136,0,1,137
2021-02-26,NY,136,0,1,137
2021-02-27,NY,136,0,1,137
2021-02-28,NY,136,0,1,137
2021-03-01,NY,136,0,1,137
2021-03-02,NY,136,0,1,137
2021-03-03,NY,136,0,1,137
2021-03-04,NY,136,0,1,137
2021-03-05,NY,136,0,1,137
2021-03-06,NY,136,0,1,137
2021-03-07,NY,136,0,1,137
2021-03-08,NY,136,0,1,137
2021-03-09,NY,136,0,1,137
2021-03-10,NY,136,0,1,137
2021-03-11,NY,136,0,1,137
2021-03-12,NY,136,0,1,137
2021-03-13,NY,136,0,1,137
2021-03-14,NY,136,0,1,137
2021-03-15,NY,136,0,1,137
2021-03-16,NY,136,0,1,137
2021-01-08,OH,0,0,0,0
2021-01-12,OH,0,0,0,0
2021-01-14,OH,0,0,0,0
2021-01-19,OH,0,0,0,0
2021-01-20,OH,0,0,0,0
2021-01-21,OH,0,0,0,0
2021-01-22,OH,0,0,0,0
2021-01-23,OH,0,0,0,0
2021-01-24,OH,0,0,0,0
2021-01-25,OH,0,0,0,0
2021-01-26,OH,0,0,0,0
2021-01-27,OH,0,0,0,0
2021-01-28,OH,0,0,0,0
2021-01-29,OH,0,0,0,0
2021-01-30,OH,0,0,0,0
2021-01-31,OH,0,0,0,0
2021-02-01,OH,0,0,0,0
2021-02-02,OH,0,0,0,0
2021-02-03,OH,0,0,0,0
2021-02-04,OH,0,0,0,0
2021-02-05,OH,0,0,0,0
2021-02-06,OH,0,0,0,0
2021-02-07,OH,0,0,0,0
2021-02-08,OH,0,0,0,0
2021-02-09,OH,0,0,0,0
2021-02-10,OH,0,0,0,0
2021-02-11,OH,1,0,0,1
2021-02-12,OH,1,0,0,1
2021-02-13,OH,1,0,0,1
2021-02-14,OH,1,0,0,1
2021-02-15,OH,1,0,0,1
2021-02-16,OH,1,0,0,1
2021-02-17,OH,1,0,0,1
2021-02-18,OH,6,0,0,6
2021-02-19,OH,6,0,0,6
2021-02-20,OH,6,0,0,6
2021-02-21,OH,11,0,0,11
2021-02-22,OH,11,0,0,11
2021-02-23,OH,11,0,0,11
2021-02-24,OH,11,0,0,11
2021-02-25,OH,19,0,0,19
2021-02-26,OH,19,0,0,19
2021-02-27,OH,19,0,0,19
2021-02-28,OH,19,0,0,19
2021-03-01,OH,19,0,0,19
2021-03-02,OH,19,0,0,19
2021-03-03,OH,19,0,0,19
2021-03-04,OH,22,0,0,22
2021-03-05,OH,22,0,0,22
2021-03-06,OH,22,0,0,22
2021-03-07,OH,31,1,0,32
2021-03-08,OH,31,1,0,32
2021-03-09,OH,61,1,0,62
2021-03-10,OH,61,1,0,62
2021-03-11,OH,65,1,0,66
2021-03-12,OH,65,1,0,66
2021-03-13,OH,65,1,0,66
2021-03-14,OH,91,1,0,92
2021-03-15,OH,91,1,0,92
2021-03-16,OH,91,1,0,92
2021-01-08,OK,0,0,0,0
2021-01-12,OK,0,0,0,0
2021-01-14,OK,0,0,0,0
2021-01-19,OK,0,0,0,0
2021-01-20,OK,0,0,0,0
2021-01-21,OK,0,0,0,0
2021-01-22,OK,0,0,0,0
2021-01-23,OK,0,0,0,0
2021-01-24,OK,0,0,0,0
2021-01-25,OK,0,0,0,0
2021-01-26,OK,0,0,0,0
2021-01-27,OK,0,0,0,0
2021-01-28,OK,0,0,0,0
2021-01-29,OK,0,0,0,0
2021-01-30,OK,0,0,0,0
2021-01-31,OK,0,0,0,0
2021-02-01,OK,0,0,0,0
2021-02-02,OK,0,0,0,0
2021-02-03,OK,0,0,0,0
2021-02-04,OK,0,0,0,0
2021-02-05,OK,0,0,0,0
2021-02-06,OK,0,0,0,0
2021-02-07,OK,0,1,0,1
2021-02-08,OK,0,1,0,1
2021-02-09,OK,0,1,0,1
2021-02-10,OK,0,1,0,1
2021-02-11,OK,0,1,0,1
2021-02-12,OK,0,1,0,1
2021-02-13,OK,0,1,0,1
2021-02-14,OK,0,1,0,1
2021-02-15,OK,0,1,0,1
2021-02-16,OK,0,1,0,1
2021-02-17,OK,0,1,0,1
2021-02-18,OK,0,1,0,1
2021-02-19,OK,0,1,0,1
2021-02-20,OK,0,1,0,1
2021-02-21,OK,0,1,0,1
2021-02-22,OK,0,1,0,1
2021-02-23,OK,0,1,0,1
2021-02-24,OK,0,1,0,1
2021-02-25,OK,0,1,0,1
2021-02-26,OK,0,1,0,1
2021-02-27,OK,0,1,0,1
2021-02-28,OK,0,1,0,1
2021-03-01,OK,0,1,0,1
2021-03-02,OK,0,1,0,1
2021-03-03,OK,0,1,0,1
2021-03-04,OK,0,1,0,1
2021-03-05,OK,0,1,0,1
2021-03-06,OK,0,1,0,1
2021-03-07,OK,0,1,0,1
2021-03-08,OK,0,1,0,1
2021-03-09,OK,0,1,0,1
2021-03-10,OK,0,1,0,1
2021-03-11,OK,0,1,0,1
2021-03-12,OK,0,1,0,1
2021-03-13,OK,0,1,0,1
2021-03-14,OK,0,1,0,1
2021-03-15,OK,0,1,0,1
2021-03-16,OK,0,1,0,1
2021-01-08,OR,0,0,0,0
2021-01-12,OR,0,0,0,0
2021-01-14,OR,0,0,0,0
2021-01-19,OR,1,0,0,1
2021-01-20,OR,1,0,0,1
2021-01-21,OR,1,0,0,1
2021-01-22,OR,1,0,0,1
2021-01-23,OR,1,0,0,1
2021-01-24,OR,1,0,0,1
2021-01-25,OR,1,0,0,1
2021-01-26,OR,1,0,0,1
2021-01-27,OR,1,0,0,1
2021-01-28,OR,1,0,0,1
2021-01-29,OR,3,0,0,3
2021-01-30,OR,3,0,0,3
2021-01-31,OR,3,0,0,3
2021-02-01,OR,3,0,0,3
2021-02-02,OR,3,0,0,3
2021-02-03,OR,3,0,0,3
2021-02-04,OR,4,0,0,4
2021-02-05,OR,4,0,0,4
2021-02-06,OR,4,0,0,4
2021-02-07,OR,4,0,0,4
2021-02-08,OR,4,0,0,4
2021-02-09,OR,4,0,0,4
2021-02-10,OR,4,0,0,4
2021-02-11,OR,4,0,0,4
2021-02-12,OR,4,0,0,4
2021-02-13,OR,4,0,0,4
2021-02-14,OR,4,0,0,4
2021-02-15,OR,4,0,0,4
2021-02-16,OR,4,0,0,4
2021-02-17,OR,4,0,0,4
2021-02-18,OR,4,0,0,4
2021-02-19,OR,4,0,0,4
2021-02-20,OR,4,0,0,4
2021-02-21,OR,4,0,0,4
2021-02-22,OR,4,0,0,4
2021-02-23,OR,9,0,0,9
2021-02-24,OR,9,0,0,9
2021-02-25,OR,9,0,0,9
2021-02-26,OR,9,0,0,9
2021-02-27,OR,9,0,0,9
2021-02-28,OR,10,0,0,10
2021-03-01,OR,10,0,0,10
2021-03-02,OR,11,0,0,11
2021-03-03,OR,11,0,0,11
2021-03-04,OR,11,1,0,12
2021-03-05,OR,11,1,0,12
2021-03-06,OR,11,1,0,12
2021-03-07,OR,11,1,0,12
2021-03-08,OR,11,1,0,12
2021-03-09,OR,11,1,0,12
2021-03-10,OR,11,1,0,12
2021-03-11,OR,11,1,0,12
2021-03-12,OR,11,1,0,12
2021-03-13,OR,11,1,0,12
2021-03-14,OR,16,1,0,17
2021-03-15,OR,16,1,0,17
2021-03-16,OR,16,1,0,17
2021-01-08,PA,1,0,0,1
2021-01-12,PA,1,0,0,1
2021-01-14,PA,1,0,0,1
2021-01-19,PA,1,0,0,1
2021-01-20,PA,2,0,0,2
2021-01-21,PA,2,0,0,2
2021-01-22,PA,2,0,0,2
2021-01-23,PA,2,0,0,2
2021-01-24,PA,2,0,0,2
2021-01-25,PA,5,0,0,5
2021-01-26,PA,5,0,0,5
2021-01-27,PA,5,0,0,5
2021-01-28,PA,5,0,0,5
2021-01-29,PA,10,0,0,10
2021-01-30,PA,10,0,0,10
2021-01-31,PA,10,0,0,10
2021-02-01,PA,10,0,0,10
2021-02-02,PA,10,0,0,10
2021-02-03,PA,10,0,0,10
2021-02-04,PA,12,0,0,12
2021-02-05,PA,12,0,0,12
2021-02-06,PA,12,0,0,12
2021-02-07,PA,15,0,0,15
2021-02-08,PA,15,0,0,15
2021-02-09,PA,25,0,0,25
2021-02-10,PA,25,0,0,25
2021-02-11,PA,25,0,0,25
2021-02-12,PA,25,0,0,25
2021-02-13,PA,25,0,0,25
2021-02-14,PA,26,0,0,26
2021-02-15,PA,26,0,0,26
2021-02-16,PA,26,0,0,26
2021-02-17,PA,26,0,0,26
2021-02-18,PA,30,0,0,30
2021-02-19,PA,30,0,0,30
2021-02-20,PA,30,0,0,30
2021-02-21,PA,29,0,0,29
2021-02-22,PA,29,0,0,29
2021-02-23,PA,38,0,0,38
2021-02-24,PA,38,0,0,38
2021-02-25,PA,39,0,0,39
2021-02-26,PA,39,0,0,39
2021-02-27,PA,39,0,0,39
2021-02-28,PA,39,0,0,39
2021-03-01,PA,39,0,0,39
2021-03-02,PA,39,0,0,39
2021-03-03,PA,39,0,0,39
2021-03-04,PA,39,0,0,39
2021-03-05,PA,39,0,0,39
2021-03-06,PA,39,0,0,39
2021-03-07,PA,56,0,1,57
2021-03-08,PA,56,0,1,57
2021-03-09,PA,56,0,1,57
2021-03-10,PA,56,0,1,57
2021-03-11,PA,67,0,1,68
2021-03-12,PA,67,0,1,68
2021-03-13,PA,67,0,1,68
2021-03-14,PA,68,0,1,69
2021-03-15,PA,68,0,1,69
2021-03-16,PA,68,0,1,69
2021-01-08,PR,0,0,0,0
2021-01-12,PR,0,0,0,0
2021-01-14,PR,0,0,0,0
2021-01-19,PR,0,0,0,0
2021-01-20,PR,0,0,0,0
2021-01-21,PR,0,0,0,0
2021-01-22,PR,0,0,0,0
2021-01-23,PR,0,0,0,0
2021-01-24,PR,0,0,0,0
2021-01-25,PR,0,0,0,0
2021-01-26,PR,0,0,0,0
2021-01-27,PR,0,0,0,0
2021-01-28,PR,0,0,0,0
2021-01-29,PR,0,0,0,0
2021-01-30,PR,0,0,0,0
2021-01-31,PR,0,0,0,0
2021-02-01,PR,0,0,0,0
2021-02-02,PR,0,0,0,0
2021-02-03,PR,0,0,0,0
2021-02-04,PR,0,0,0,0
2021-02-05,PR,0,0,0,0
2021-02-06,PR,0,0,0,0
2021-02-07,PR,0,0,0,0
2021-02-08,PR,0,0,0,0
2021-02-09,PR,0,0,0,0
2021-02-10,PR,0,0,0,0
2021-02-11,PR,0,0,0,0
2021-02-12,PR,0,0,0,0
2021-02-13,PR,0,0,0,0
2021-02-14,PR,0,0,0,0
2021-02-15,PR,0,0,0,0
2021-02-16,PR,0,0,0,0
2021-02-17,PR,0,0,0,0
2021-02-18,PR,0,0,0,0
2021-02-19,PR,0,0,0,0
2021-02-20,PR,0,0,0,0
2021-02-21,PR,1,0,0,1
2021-02-22,PR,1,0,0,1
2021-02-23,PR,1,0,0,1
2021-02-24,PR,1,0,0,1
2021-02-25,PR,1,0,0,1
2021-02-26,PR,1,0,0,1
2021-02-27,PR,1,0,0,1
2021-02-28,PR,1,0,0,1
2021-03-01,PR,1,0,0,1
2021-03-02,PR,1,0,0,1
2021-03-03,PR,1,0,0,1
2021-03-04,PR,1,0,0,1
2021-03-05,PR,1,0,0,1
2021-03-06,PR,1,0,0,1
2021-03-07,PR,1,0,0,1
2021-03-08,PR,1,0,0,1
2021-03-09,PR,1,0,0,1
2021-03-10,PR,1,0,0,1
2021-03-11,PR,1,0,0,1
2021-03-12,PR,1,0,0,1
2021-03-13,PR,1,0,0,1
2021-03-14,PR,1,0,0,1
2021-03-15,PR,1,0,0,1
2021-03-16,PR,1,0,0,1
2021-01-08,PW,0,0,0,0
2021-01-12,PW,0,0,0,0
2021-01-14,PW,0,0,0,0
2021-01-19,PW,0,0,0,0
2021-01-20,PW,0,0,0,0
2021-01-21,PW,0,0,0,0
2021-01-22,PW,0,0,0,0
2021-01-23,PW,0,0,0,0
2021-01-24,PW,0,0,0,0
2021-01-25,PW,0,0,0,0
2021-01-26,PW,0,0,0,0
2021-01-27,PW,0,0,0,0
2021-01-28,PW,0,0,0,0
2021-01-29,PW,0,0,0,0
2021-01-30,PW,0,0,0,0
2021-01-31,PW,0,0,0,0
2021-02-01,PW,0,0,0,0
2021-02-02,PW,0,0,0,0
2021-02-03,PW,0,0,0,0
2021-02-04,PW,0,0,0,0
2021-02-05,PW,0,0,0,0
2021-02-06,PW,0,0,0,0
2021-02-07,PW,0,0,0,0
2021-02-08,PW,0,0,0,0
2021-02-09,PW,0,0,0,0
2021-02-10,PW,0,0,0,0
2021-02-11,PW,0,0,0,0
2021-02-12,PW,0,0,0,0
2021-02-13,PW,0,0,0,0
2021-02-14,PW,0,0,0,0
2021-02-15,PW,0,0,0,0
2021-02-16,PW,0,0,0,0
2021-02-17,PW,0,0,0,0
2021-02-18,PW,0,0,0,0
2021-02-19,PW,0,0,0,0
2021-02-20,PW,0,0,0,0
2021-02-21,PW,0,0,0,0
2021-02-22,PW,0,0,0,0
2021-02-23,PW,0,0,0,0
2021-02-24,PW,0,0,0,0
2021-02-25,PW,0,0,0,0
2021-02-26,PW,0,0,0,0
2021-02-27,PW,0,0,0,0
2021-02-28,PW,0,0,0,0
2021-03-01,PW,0,0,0,0
2021-03-02,PW,0,0,0,0
2021-03-03,PW,0,0,0,0
2021-03-04,PW,0,0,0,0
2021-03-05,PW,0,0,0,0
2021-03-06,PW,0,0,0,0
2021-03-07,PW,0,0,0,0
2021-03-08,PW,0,0,0,0
2021-03-09,PW,0,0,0,0
2021-03-10,PW,0,0,0,0
2021-03-11,PW,0,0,0,0
2021-03-12,PW,0,0,0,0
2021-03-13,PW,0,0,0,0
2021-03-14,PW,0,0,0,0
2021-03-15,PW,0,0,0,0
2021-03-16,PW,0,0,0,0
2021-01-08,RI,0,0,0,0
2021-01-12,RI,0,0,0,0
2021-01-14,RI,0,0,0,0
2021-01-19,RI,0,0,0,0
2021-01-20,RI,0,0,0,0
2021-01-21,RI,0,0,0,0
2021-01-22,RI,0,0,0,0
2021-01-23,RI,0,0,0,0
2021-01-24,RI,0,0,0,0
2021-01-25,RI,0,0,0,0
2021-01-26,RI,0,0,0,0
2021-01-27,RI,0,0,0,0
2021-01-28,RI,0,0,0,0
2021-01-29,RI,0,0,0,0
2021-01-30,RI,0,0,0,0
2021-01-31,RI,0,0,0,0
2021-02-01,RI,0,0,0,0
2021-02-02,RI,0,0,0,0
2021-02-03,RI,0,0,0,0
2021-02-04,RI,0,0,0,0
2021-02-05,RI,0,0,0,0
2021-02-06,RI,0,0,0,0
2021-02-07,RI,0,0,0,0
2021-02-08,RI,0,0,0,0
2021-02-09,RI,0,0,0,0
2021-02-10,RI,0,0,0,0
2021-02-11,RI,0,0,0,0
2021-02-12,RI,0,0,0,0
2021-02-13,RI,0,0,0,0
2021-02-14,RI,0,0,0,0
2021-02-15,RI,0,0,0,0
2021-02-16,RI,3,0,0,3
2021-02-17,RI,3,0,0,3
2021-02-18,RI,3,0,0,3
2021-02-19,RI,3,0,0,3
2021-02-20,RI,3,0,0,3
2021-02-21,RI,3,0,0,3
2021-02-22,RI,3,0,0,3
2021-02-23,RI,3,0,0,3
2021-02-24,RI,3,0,0,3
2021-02-25,RI,3,0,0,3
2021-02-26,RI,3,0,0,3
2021-02-27,RI,3,0,0,3
2021-02-28,RI,3,0,0,3
2021-03-01,RI,3,0,0,3
2021-03-02,RI,3,0,0,3
2021-03-03,RI,3,0,0,3
2021-03-04,RI,3,0,0,3
2021-03-05,RI,3,0,0,3
2021-03-06,RI,3,0,0,3
2021-03-07,RI,7,0,0,7
2021-03-08,RI,7,0,0,7
2021-03-09,RI,7,0,0,7
2021-03-10,RI,7,0,0,7
2021-03-11,RI,7,0,0,7
2021-03-12,RI,7,0,0,7
2021-03-13,RI,7,0,0,7
2021-03-14,RI,7,0,0,7
2021-03-15,RI,7,0,0,7
2021-03-16,RI,7,0,0,7
2021-01-08,SC,0,0,0,0
2021-01-12,SC,0,0,0,0
2021-01-14,SC,0,0,0,0
2021-01-19,SC,0,0,0,0
2021-01-20,SC,0,0,0,0
2021-01-21,SC,0,0,0,0
2021-01-22,SC,0,0,0,0
2021-01-23,SC,0,0,0,0
2021-01-24,SC,0,0,0,0
2021-01-25,SC,0,0,0,0
2021-01-26,SC,0,0,0,0
2021-01-27,SC,0,0,0,0
2021-01-28,SC,0,0,0,0
2021-01-29,SC,0,0,2,2
2021-01-30,SC,0,0,2,2
2021-01-31,SC,1,0,2,3
2021-02-01,SC,1,0,2,3
2021-02-02,SC,1,0,2,3
2021-02-03,SC,1,0,2,3
2021-02-04,SC,1,0,2,3
2021-02-05,SC,1,0,2,3
2021-02-06,SC,1,0,2,3
2021-02-07,SC,1,0,2,3
2021-02-08,SC,1,0,2,3
2021-02-09,SC,1,0,2,3
2021-02-10,SC,1,0,2,3
2021-02-11,SC,1,0,2,3
2021-02-12,SC,1,0,2,3
2021-02-13,SC,1,0,2,3
2021-02-14,SC,1,0,2,3
2021-02-15,SC,1,0,2,3
2021-02-16,SC,1,0,2,3
2021-02-17,SC,1,0,2,3
2021-02-18,SC,1,0,2,3
2021-02-19,SC,1,0,2,3
2021-02-20,SC,1,0,2,3
2021-02-21,SC,1,0,2,3
2021-02-22,SC,1,0,2,3
2021-02-23,SC,7,0,21,28
2021-02-24,SC,7,0,21,28
2021-02-25,SC,7,0,21,28
2021-02-26,SC,7,0,21,28
2021-02-27,SC,7,0,21,28
2021-02-28,SC,7,0,21,28
2021-03-01,SC,7,0,21,28
2021-03-02,SC,7,0,30,37
2021-03-03,SC,7,0,30,37
2021-03-04,SC,7,0,30,37
2021-03-05,SC,7,0,30,37
2021-03-06,SC,7,0,30,37
2021-03-07,SC,13,0,32,45
2021-03-08,SC,13,0,32,45
2021-03-09,SC,12,0,32,44
2021-03-10,SC,12,0,32,44
2021-03-11,SC,22,0,40,62
2021-03-12,SC,22,0,40,62
2021-03-13,SC,22,0,40,62
2021-03-14,SC,27,0,44,71
2021-03-15,SC,27,0,44,71
2021-03-16,SC,27,0,44,71
2021-01-08,SD,0,0,0,0
2021-01-12,SD,0,0,0,0
2021-01-14,SD,0,0,0,0
2021-01-19,SD,0,0,0,0
2021-01-20,SD,0,0,0,0
2021-01-21,SD,0,0,0,0
2021-01-22,SD,0,0,0,0
2021-01-23,SD,0,0,0,0
2021-01-24,SD,0,0,0,0
2021-01-25,SD,0,0,0,0
2021-01-26,SD,0,0,0,0
2021-01-27,SD,0,0,0,0
2021-01-28,SD,0,0,0,0
2021-01-29,SD,0,0,0,0
2021-01-30,SD,0,0,0,0
2021-01-31,SD,0,0,0,0
2021-02-01,SD,0,0,0,0
2021-02-02,SD,0,0,0,0
2021-02-03,SD,0,0,0,0
2021-02-04,SD,0,0,0,0
2021-02-05,SD,0,0,0,0
2021-02-06,SD,0,0,0,0
2021-02-07,SD,0,0,0,0
2021-02-08,SD,0,0,0,0
2021-02-09,SD,0,0,0,0
2021-02-10,SD,0,0,0,0
2021-02-11,SD,0,0,0,0
2021-02-12,SD,0,0,0,0
2021-02-13,SD,0,0,0,0
2021-02-14,SD,0,0,0,0
2021-02-15,SD,0,0,0,0
2021-02-16,SD,0,0,0,0
2021-02-17,SD,0,0,0,0
2021-02-18,SD,0,0,0,0
2021-02-19,SD,0,0,0,0
2021-02-20,SD,0,0,0,0
2021-02-21,SD,0,0,0,0
2021-02-22,SD,0,0,0,0
2021-02-23,SD,0,0,0,0
2021-02-24,SD,0,0,0,0
2021-02-25,SD,0,0,0,0
2021-02-26,SD,0,0,0,0
2021-02-27,SD,0,0,0,0
2021-02-28,SD,0,0,0,0
2021-03-01,SD,0,0,0,0
2021-03-02,SD,0,0,0,0
2021-03-03,SD,0,0,0,0
2021-03-04,SD,0,0,0,0
2021-03-05,SD,0,0,0,0
2021-03-06,SD,0,0,0,0
2021-03-07,SD,0,0,0,0
2021-03-08,SD,0,0,0,0
2021-03-09,SD,0,0,0,0
2021-03-10,SD,0,0,0,0
2021-03-11,SD,2,0,0,2
2021-03-12,SD,2,0,0,2
2021-03-13,SD,2,0,0,2
2021-03-14,SD,2,0,0,2
2021-03-15,SD,2,0,0,2
2021-03-16,SD,2,0,0,2
2021-01-08,TN,0,0,0,0
2021-01-12,TN,0,0,0,0
2021-01-14,TN,0,0,0,0
2021-01-19,TN,0,0,0,0
2021-01-20,TN,0,0,0,0
2021-01-21,TN,0,0,0,0
2021-01-22,TN,2,0,0,2
2021-01-23,TN,2,0,0,2
2021-01-24,TN,2,0,0,2
2021-01-25,TN,2,0,0,2
2021-01-26,TN,2,0,0,2
2021-01-27,TN,2,0,0,2
2021-01-28,TN,2,0,0,2
2021-01-29,TN,2,0,0,2
2021-01-30,TN,2,0,0,2
2021-01-31,TN,2,0,0,2
2021-02-01,TN,2,0,0,2
2021-02-02,TN,2,0,0,2
2021-02-03,TN,2,0,0,2
2021-02-04,TN,2,0,0,2
2021-02-05,TN,2,0,0,2
2021-02-06,TN,2,0,0,2
2021-02-07,TN,2,0,0,2
2021-02-08,TN,2,0,0,2
2021-02-09,TN,5,0,0,5
2021-02-10,TN,5,0,0,5
2021-02-11,TN,5,0,0,5
2021-02-12,TN,5,0,0,5
2021-02-13,TN,5,0,0,5
2021-02-14,TN,5,0,0,5
2021-02-15,TN,5,0,0,5
2021-02-16,TN,5,0,0,5
2021-02-17,TN,5,0,0,5
2021-02-18,TN,5,0,0,5
2021-02-19,TN,5,0,0,5
2021-02-20,TN,5,0,0,5
2021-02-21,TN,13,0,0,13
2021-02-22,TN,13,0,0,13
2021-02-23,TN,13,0,1,14
2021-02-24,TN,13,0,1,14
2021-02-25,TN,13,0,1,14
2021-02-26,TN,13,0,1,14
2021-02-27,TN,13,0,1,14
2021-02-28,TN,13,0,1,14
2021-03-01,TN,13,0,1,14
2021-03-02,TN,18,0,1,19
2021-03-03,TN,18,0,1,19
2021-03-04,TN,18,0,1,19
2021-03-05,TN,18,0,1,19
2021-03-06,TN,18,0,1,19
2021-03-07,TN,19,0,1,20
2021-03-08,TN,19,0,1,20
2021-03-09,TN,36,0,1,37
2021-03-10,TN,36,0,1,37
2021-03-11,TN,41,0,1,42
2021-03-12,TN,41,0,1,42
2021-03-13,TN,41,0,1,42
2021-03-14,TN,67,0,1,68
2021-03-15,TN,67,0,1,68
2021-03-16,TN,67,0,1,68
2021-01-08,TX,1,0,0,1
2021-01-12,TX,1,0,0,1
2021-01-14,TX,1,0,0,1
2021-01-19,TX,2,0,0,2
2021-01-20,TX,3,0,0,3
2021-01-21,TX,3,0,0,3
2021-01-22,TX,3,0,0,3
2021-01-23,TX,3,0,0,3
2021-01-24,TX,3,0,0,3
2021-01-25,TX,7,0,0,7
2021-01-26,TX,7,0,0,7
2021-01-27,TX,7,0,0,7
2021-01-28,TX,7,0,0,7
2021-01-29,TX,7,0,0,7
2021-01-30,TX,7,0,0,7
2021-01-31,TX,7,0,0,7
2021-02-01,TX,7,0,0,7
2021-02-02,TX,8,0,0,8
2021-02-03,TX,8,0,0,8
2021-02-04,TX,12,0,0,12
2021-02-05,TX,12,0,0,12
2021-02-06,TX,12,0,0,12
2021-02-07,TX,17,0,0,17
2021-02-08,TX,17,0,0,17
2021-02-09,TX,35,0,0,35
2021-02-10,TX,35,0,0,35
2021-02-11,TX,35,0,0,35
2021-02-12,TX,35,0,0,35
2021-02-13,TX,35,0,0,35
2021-02-14,TX,49,0,1,50
2021-02-15,TX,49,0,1,50
2021-02-16,TX,60,0,1,61
2021-02-17,TX,60,0,1,61
2021-02-18,TX,60,0,1,61
2021-02-19,TX,60,0,1,61
2021-02-20,TX,60,0,1,61
2021-02-21,TX,60,0,1,61
2021-02-22,TX,60,0,1,61
2021-02-23,TX,60,0,1,61
2021-02-24,TX,60,0,1,61
2021-02-25,TX,60,0,1,61
2021-02-26,TX,60,0,1,61
2021-02-27,TX,60,0,1,61
2021-02-28,TX,101,0,1,102
2021-03-01,TX,101,0,1,102
2021-03-02,TX,101,0,1,102
2021-03-03,TX,101,0,1,102
2021-03-04,TX,101,0,1,102
2021-03-05,TX,101,0,1,102
2021-03-06,TX,101,0,1,102
2021-03-07,TX,101,0,1,102
2021-03-08,TX,101,0,1,102
2021-03-09,TX,140,0,1,141
2021-03-10,TX,140,0,1,141
2021-03-11,TX,140,0,1,141
2021-03-12,TX,140,0,1,141
2021-03-13,TX,140,0,1,141
2021-03-14,TX,140,0,1,141
2021-03-15,TX,140,0,1,141
2021-03-16,TX,235,1,2,238
2021-01-08,UT,0,0,0,0
2021-01-12,UT,0,0,0,0
2021-01-14,UT,0,0,0,0
2021-01-19,UT,1,0,0,1
2021-01-20,UT,1,0,0,1
2021-01-21,UT,1,0,0,1
2021-01-22,UT,1,0,0,1
2021-01-23,UT,1,0,0,1
2021-01-24,UT,1,0,0,1
2021-01-25,UT,1,0,0,1
2021-01-26,UT,1,0,0,1
2021-01-27,UT,1,0,0,1
2021-01-28,UT,1,0,0,1
2021-01-29,UT,1,0,0,1
2021-01-30,UT,1,0,0,1
2021-01-31,UT,1,0,0,1
2021-02-01,UT,1,0,0,1
2021-02-02,UT,3,0,0,3
2021-02-03,UT,3,0,0,3
2021-02-04,UT,3,0,0,3
2021-02-05,UT,3,0,0,3
2021-02-06,UT,3,0,0,3
2021-02-07,UT,3,0,0,3
2021-02-08,UT,3,0,0,3
2021-02-09,UT,3,0,0,3
2021-02-10,UT,3,0,0,3
2021-02-11,UT,3,0,0,3
2021-02-12,UT,3,0,0,3
2021-02-13,UT,3,0,0,3
2021-02-14,UT,12,0,0,12
2021-02-15,UT,12,0,0,12
2021-02-16,UT,12,0,0,12
2021-02-17,UT,12,0,0,12
2021-02-18,UT,12,0,0,12
2021-02-19,UT,12,0,0,12
2021-02-20,UT,12,0,0,12
2021-02-21,UT,12,0,0,12
2021-02-22,UT,12,0,0,12
2021-02-23,UT,12,0,0,12
2021-02-24,UT,12,0,0,12
2021-02-25,UT,12,0,0,12
2021-02-26,UT,12,0,0,12
2021-02-27,UT,12,0,0,12
2021-02-28,UT,23,0,0,23
2021-03-01,UT,23,0,0,23
2021-03-02,UT,23,0,0,23
2021-03-03,UT,23,0,0,23
2021-03-04,UT,23,0,0,23
2021-03-05,UT,23,0,0,23
2021-03-06,UT,23,0,0,23
2021-03-07,UT,23,0,0,23
2021-03-08,UT,23,0,0,23
2021-03-09,UT,33,0,0,33
2021-03-10,UT,33,0,0,33
2021-03-11,UT,33,0,0,33
2021-03-12,UT,33,0,0,33
2021-03-13,UT,33,0,0,33
2021-03-14,UT,81,0,0,81
2021-03-15,UT,81,0,0,81
2021-03-16,UT,81,0,0,81
2021-01-08,VA,0,0,0,0
2021-01-12,VA,0,0,0,0
2021-01-14,VA,0,0,0,0
2021-01-19,VA,0,0,0,0
2021-01-20,VA,0,0,0,0
2021-01-21,VA,0,0,0,0
2021-01-22,VA,0,0,0,0
2021-01-23,VA,0,0,0,0
2021-01-24,VA,0,0,0,0
2021-01-25,VA,0,0,0,0
2021-01-26,VA,0,0,0,0
2021-01-27,VA,1,0,0,1
2021-01-28,VA,1,0,0,1
2021-01-29,VA,2,0,0,2
2021-01-30,VA,2,0,0,2
2021-01-31,VA,2,0,0,2
2021-02-01,VA,2,0,0,2
2021-02-02,VA,2,0,0,2
2021-02-03,VA,2,0,0,2
2021-02-04,VA,4,0,0,4
2021-02-05,VA,4,0,0,4
2021-02-06,VA,4,0,0,4
2021-02-07,VA,4,0,1,5
2021-02-08,VA,4,0,1,5
2021-02-09,VA,5,0,1,6
2021-02-10,VA,5,0,1,6
2021-02-11,VA,5,0,1,6
2021-02-12,VA,5,0,1,6
2021-02-13,VA,5,0,1,6
2021-02-14,VA,11,0,2,13
2021-02-15,VA,11,0,2,13
2021-02-16,VA,12,0,2,14
2021-02-17,VA,12,0,2,14
2021-02-18,VA,11,0,2,13
2021-02-19,VA,11,0,2,13
2021-02-20,VA,11,0,2,13
2021-02-21,VA,12,0,3,15
2021-02-22,VA,12,0,3,15
2021-02-23,VA,11,0,3,14
2021-02-24,VA,11,0,3,14
2021-02-25,VA,12,0,3,15
2021-02-26,VA,12,0,3,15
2021-02-27,VA,12,0,3,15
2021-02-28,VA,19,0,3,22
2021-03-01,VA,19,0,3,22
2021-03-02,VA,20,0,4,24
2021-03-03,VA,20,0,4,24
2021-03-04,VA,20,0,4,24
2021-03-05,VA,20,0,4,24
2021-03-06,VA,20,0,4,24
2021-03-07,VA,23,0,4,27
2021-03-08,VA,23,0,4,27
2021-03-09,VA,31,0,11,42
2021-03-10,VA,31,0,11,42
2021-03-11,VA,31,0,11,42
2021-03-12,VA,31,0,11,42
2021-03-13,VA,31,0,11,42
2021-03-14,VA,49,0,20,69
2021-03-15,VA,49,0,20,69
2021-03-16,VA,49,0,20,69
2021-01-08,VI,0,0,0,0
2021-01-12,VI,0,0,0,0
2021-01-14,VI,0,0,0,0
2021-01-19,VI,0,0,0,0
2021-01-20,VI,0,0,0,0
2021-01-21,VI,0,0,0,0
2021-01-22,VI,0,0,0,0
2021-01-23,VI,0,0,0,0
2021-01-24,VI,0,0,0,0
2021-01-25,VI,0,0,0,0
2021-01-26,VI,0,0,0,0
2021-01-27,VI,0,0,0,0
2021-01-28,VI,0,0,0,0
2021-01-29,VI,0,0,0,0
2021-01-30,VI,0,0,0,0
2021-01-31,VI,0,0,0,0
2021-02-01,VI,0,0,0,0
2021-02-02,VI,0,0,0,0
2021-02-03,VI,0,0,0,0
2021-02-04,VI,0,0,0,0
2021-02-05,VI,0,0,0,0
2021-02-06,VI,0,0,0,0
2021-02-07,VI,0,0,0,0
2021-02-08,VI,0,0,0,0
2021-02-09,VI,0,0,0,0
2021-02-10,VI,0,0,0,0
2021-02-11,VI,0,0,0,0
2021-02-12,VI,0,0,0,0
2021-02-13,VI,0,0,0,0
2021-02-14,VI,0,0,0,0
2021-02-15,VI,0,0,0,0
2021-02-16,VI,0,0,0,0
2021-02-17,VI,0,0,0,0
2021-02-18,VI,0,0,0,0
2021-02-19,VI,0,0,0,0
2021-02-20,VI,0,0,0,0
2021-02-21,VI,0,0,0,0
2021-02-22,VI,0,0,0,0
2021-02-23,VI,0,0,0,0
2021-02-24,VI,0,0,0,0
2021-02-25,VI,0,0,0,0
2021-02-26,VI,0,0,0,0
2021-02-27,VI,0,0,0,0
2021-02-28,VI,0,0,0,0
2021-03-01,VI,0,0,0,0
2021-03-02,VI,0,0,0,0
2021-03-03,VI,0,0,0,0
2021-03-04,VI,0,0,0,0
2021-03-05,VI,0,0,0,0
2021-03-06,VI,0,0,0,0
2021-03-07,VI,0,0,0,0
2021-03-08,VI,0,0,0,0
2021-03-09,VI,0,0,0,0
2021-03-10,VI,0,0,0,0
2021-03-11,VI,0,0,0,0
2021-03-12,VI,0,0,0,0
2021-03-13,VI,0,0,0,0
2021-03-14,VI,0,0,0,0
2021-03-15,VI,0,0,0,0
2021-03-16,VI,0,0,0,0
2021-01-08,VT,0,0,0,0
2021-01-12,VT,0,0,0,0
2021-01-14,VT,0,0,0,0
2021-01-19,VT,0,0,0,0
2021-01-20,VT,0,0,0,0
2021-01-21,VT,0,0,0,0
2021-01-22,VT,0,0,0,0
2021-01-23,VT,0,0,0,0
2021-01-24,VT,0,0,0,0
2021-01-25,VT,0,0,0,0
2021-01-26,VT,0,0,0,0
2021-01-27,VT,0,0,0,0
2021-01-28,VT,0,0,0,0
2021-01-29,VT,0,0,0,0
2021-01-30,VT,0,0,0,0
2021-01-31,VT,0,0,0,0
2021-02-01,VT,0,0,0,0
2021-02-02,VT,0,0,0,0
2021-02-03,VT,0,0,0,0
2021-02-04,VT,0,0,0,0
2021-02-05,VT,0,0,0,0
2021-02-06,VT,0,0,0,0
2021-02-07,VT,0,0,0,0
2021-02-08,VT,0,0,0,0
2021-02-09,VT,0,0,0,0
2021-02-10,VT,0,0,0,0
2021-02-11,VT,0,0,0,0
2021-02-12,VT,0,0,0,0
2021-02-13,VT,0,0,0,0
2021-02-14,VT,0,0,0,0
2021-02-15,VT,0,0,0,0
2021-02-16,VT,0,0,0,0
2021-02-17,VT,0,0,0,0
2021-02-18,VT,0,0,0,0
2021-02-19,VT,0,0,0,0
2021-02-20,VT,0,0,0,0
2021-02-21,VT,0,0,0,0
2021-02-22,VT,0,0,0,0
2021-02-23,VT,0,0,0,0
2021-02-24,VT,0,0,0,0
2021-02-25,VT,0,0,0,0
2021-02-26,VT,0,0,0,0
2021-02-27,VT,0,0,0,0
2021-02-28,VT,0,0,0,0
2021-03-01,VT,0,0,0,0
2021-03-02,VT,0,0,0,0
2021-03-03,VT,0,0,0,0
2021-03-04,VT,0,0,0,0
2021-03-05,VT,0,0,0,0
2021-03-06,VT,0,0,0,0
2021-03-07,VT,0,0,0,0
2021-03-08,VT,0,0,0,0
2021-03-09,VT,0,0,0,0
2021-03-10,VT,0,0,0,0
2021-03-11,VT,0,0,0,0
2021-03-12,VT,0,0,0,0
2021-03-13,VT,0,0,0,0
2021-03-14,VT,0,0,0,0
2021-03-15,VT,0,0,0,0
2021-03-16,VT,0,0,0,0
2021-01-08,WA,0,0,0,0
2021-01-12,WA,0,0,0,0
2021-01-14,WA,0,0,0,0
2021-01-19,WA,0,0,0,0
2021-01-20,WA,0,0,0,0
2021-01-21,WA,0,0,0,0
2021-01-22,WA,0,0,0,0
2021-01-23,WA,0,0,0,0
2021-01-24,WA,0,0,0,0
2021-01-25,WA,1,0,0,1
2021-01-26,WA,1,0,0,1
2021-01-27,WA,3,0,0,3
2021-01-28,WA,3,0,0,3
2021-01-29,WA,3,0,0,3
2021-01-30,WA,3,0,0,3
2021-01-31,WA,4,0,0,4
2021-02-01,WA,4,0,0,4
2021-02-02,WA,5,0,0,5
2021-02-03,WA,5,0,0,5
2021-02-04,WA,5,0,0,5
2021-02-05,WA,5,0,0,5
2021-02-06,WA,5,0,0,5
2021-02-07,WA,5,0,0,5
2021-02-08,WA,5,0,0,5
2021-02-09,WA,5,0,0,5
2021-02-10,WA,5,0,0,5
2021-02-11,WA,15,0,0,15
2021-02-12,WA,15,0,0,15
2021-02-13,WA,15,0,0,15
2021-02-14,WA,15,0,0,15
2021-02-15,WA,15,0,0,15
2021-02-16,WA,15,0,0,15
2021-02-17,WA,15,0,0,15
2021-02-18,WA,19,0,0,19
2021-02-19,WA,19,0,0,19
2021-02-20,WA,19,0,0,19
2021-02-21,WA,19,0,0,19
2021-02-22,WA,19,0,0,19
2021-02-23,WA,19,0,0,19
2021-02-24,WA,19,0,0,19
2021-02-25,WA,39,0,1,40
2021-02-26,WA,39,0,1,40
2021-02-27,WA,39,0,1,40
2021-02-28,WA,39,0,1,40
2021-03-01,WA,39,0,1,40
2021-03-02,WA,39,0,1,40
2021-03-03,WA,39,0,1,40
2021-03-04,WA,39,0,1,40
2021-03-05,WA,39,0,1,40
2021-03-06,WA,39,0,1,40
2021-03-07,WA,70,0,5,75
2021-03-08,WA,70,0,5,75
2021-03-09,WA,70,0,5,75
2021-03-10,WA,70,0,5,75
2021-03-11,WA,99,1,5,105
2021-03-12,WA,99,1,5,105
2021-03-13,WA,99,1,5,105
2021-03-14,WA,99,1,5,105
2021-03-15,WA,99,1,5,105
2021-03-16,WA,99,1,5,105
2021-01-08,WI,0,0,0,0
2021-01-12,WI,0,0,0,0
2021-01-14,WI,1,0,0,1
2021-01-19,WI,1,0,0,1
2021-01-20,WI,1,0,0,1
2021-01-21,WI,1,0,0,1
2021-01-22,WI,1,0,0,1
2021-01-23,WI,1,0,0,1
2021-01-24,WI,1,0,0,1
2021-01-25,WI,3,0,0,3
2021-01-26,WI,3,0,0,3
2021-01-27,WI,1,0,0,1
2021-01-28,WI,1,0,0,1
2021-01-29,WI,1,0,0,1
2021-01-30,WI,1,0,0,1
2021-01-31,WI,1,0,0,1
2021-02-01,WI,1,0,0,1
2021-02-02,WI,1,0,0,1
2021-02-03,WI,1,0,0,1
2021-02-04,WI,1,0,0,1
2021-02-05,WI,1,0,0,1
2021-02-06,WI,1,0,0,1
2021-02-07,WI,1,0,0,1
2021-02-08,WI,1,0,0,1
2021-02-09,WI,2,0,0,2
2021-02-10,WI,2,0,0,2
2021-02-11,WI,2,0,0,2
2021-02-12,WI,2,0,0,2
2021-02-13,WI,2,0,0,2
2021-02-14,WI,2,0,0,2
2021-02-15,WI,2,0,0,2
2021-02-16,WI,5,0,0,5
2021-02-17,WI,5,0,0,5
2021-02-18,WI,5,0,0,5
2021-02-19,WI,5,0,0,5
2021-02-20,WI,5,0,0,5
2021-02-21,WI,6,0,0,6
2021-02-22,WI,6,0,0,6
2021-02-23,WI,6,0,0,6
2021-02-24,WI,6,0,0,6
2021-02-25,WI,6,0,0,6
2021-02-26,WI,6,0,0,6
2021-02-27,WI,6,0,0,6
2021-02-28,WI,7,0,0,7
2021-03-01,WI,7,0,0,7
2021-03-02,WI,10,0,0,10
2021-03-03,WI,10,0,0,10
2021-03-04,WI,14,0,0,14
2021-03-05,WI,14,0,0,14
2021-03-06,WI,14,0,0,14
2021-03-07,WI,26,0,1,27
2021-03-08,WI,26,0,1,27
2021-03-09,WI,26,0,1,27
2021-03-10,WI,26,0,1,27
2021-03-11,WI,57,0,2,59
2021-03-12,WI,57,0,2,59
2021-03-13,WI,57,0,2,59
2021-03-14,WI,65,0,2,67
2021-03-15,WI,65,0,2,67
2021-03-16,WI,65,0,2,67
2021-01-08,WV,0,0,0,0
2021-01-12,WV,0,0,0,0
2021-01-14,WV,0,0,0,0
2021-01-19,WV,0,0,0,0
2021-01-20,WV,0,0,0,0
2021-01-21,WV,0,0,0,0
2021-01-22,WV,0,0,0,0
2021-01-23,WV,0,0,0,0
2021-01-24,WV,0,0,0,0
2021-01-25,WV,0,0,0,0
2021-01-26,WV,0,0,0,0
2021-01-27,WV,0,0,0,0
2021-01-28,WV,0,0,0,0
2021-01-29,WV,0,0,0,0
2021-01-30,WV,0,0,0,0
2021-01-31,WV,0,0,0,0
2021-02-01,WV,0,0,0,0
2021-02-02,WV,0,0,0,0
2021-02-03,WV,0,0,0,0
2021-02-04,WV,0,0,0,0
2021-02-05,WV,0,0,0,0
2021-02-06,WV,0,0,0,0
2021-02-07,WV,0,0,0,0
2021-02-08,WV,0,0,0,0
2021-02-09,WV,0,0,0,0
2021-02-10,WV,0,0,0,0
2021-02-11,WV,0,0,0,0
2021-02-12,WV,0,0,0,0
2021-02-13,WV,0,0,0,0
2021-02-14,WV,0,0,0,0
2021-02-15,WV,0,0,0,0
2021-02-16,WV,0,0,0,0
2021-02-17,WV,0,0,0,0
2021-02-18,WV,0,0,0,0
2021-02-19,WV,0,0,0,0
2021-02-20,WV,0,0,0,0
2021-02-21,WV,3,0,0,3
2021-02-22,WV,3,0,0,3
2021-02-23,WV,3,0,0,3
2021-02-24,WV,3,0,0,3
2021-02-25,WV,3,0,0,3
2021-02-26,WV,3,0,0,3
2021-02-27,WV,3,0,0,3
2021-02-28,WV,3,0,0,3
2021-03-01,WV,3,0,0,3
2021-03-02,WV,3,0,0,3
2021-03-03,WV,3,0,0,3
2021-03-04,WV,3,0,0,3
2021-03-05,WV,3,0,0,3
2021-03-06,WV,3,0,0,3
2021-03-07,WV,3,0,0,3
2021-03-08,WV,3,0,0,3
2021-03-09,WV,3,0,0,3
2021-03-10,WV,3,0,0,3
2021-03-11,WV,3,0,0,3
2021-03-12,WV,3,0,0,3
2021-03-13,WV,3,0,0,3
2021-03-14,WV,3,0,0,3
2021-03-15,WV,3,0,0,3
2021-03-16,WV,3,0,0,3
2021-01-08,WY,0,0,0,0
2021-01-12,WY,0,0,0,0
2021-01-14,WY,0,0,0,0
2021-01-19,WY,1,0,0,1
2021-01-20,WY,1,0,0,1
2021-01-21,WY,1,0,0,1
2021-01-22,WY,1,0,0,1
2021-01-23,WY,1,0,0,1
2021-01-24,WY,1,0,0,1
2021-01-25,WY,2,0,0,2
2021-01-26,WY,2,0,0,2
2021-01-27,WY,2,0,0,2
2021-01-28,WY,2,0,0,2
2021-01-29,WY,5,0,0,5
2021-01-30,WY,5,0,0,5
2021-01-31,WY,5,0,0,5
2021-02-01,WY,5,0,0,5
2021-02-02,WY,5,0,0,5
2021-02-03,WY,5,0,0,5
2021-02-04,WY,5,0,0,5
2021-02-05,WY,5,0,0,5
2021-02-06,WY,5,0,0,5
2021-02-07,WY,5,0,0,5
2021-02-08,WY,5,0,0,5
2021-02-09,WY,5,0,0,5
2021-02-10,WY,5,0,0,5
2021-02-11,WY,5,0,0,5
2021-02-12,WY,5,0,0,5
2021-02-13,WY,5,0,0,5
2021-02-14,WY,5,0,0,5
2021-02-15,WY,5,0,0,5
2021-02-16,WY,5,0,0,5
2021-02-17,WY,5,0,0,5
2021-02-18,WY,5,0,0,5
2021-02-19,WY,5,0,0,5
2021-02-20,WY,5,0,0,5
2021-02-21,WY,5,0,0,5
2021-02-22,WY,5,0,0,5
2021-02-23,WY,9,0,0,9
2021-02-24,WY,9,0,0,9
2021-02-25,WY,9,0,0,9
2021-02-26,WY,9,0,0,9
2021-02-27,WY,9,0,0,9
2021-02-28,WY,9,0,0,9
2021-03-01,WY,9,0,0,9
2021-03-02,WY,9,0,0,9
2021-03-03,WY,9,0,0,9
2021-03-04,WY,9,0,0,9
2021-03-05,WY,9,0,0,9
2021-03-06,WY,9,0,0,9
2021-03-07,WY,9,0,0,9
2021-03-08,WY,9,0,0,9
2021-03-09,WY,9,0,0,9
2021-03-10,WY,9,0,0,9
2021-03-11,WY,9,0,0,9
2021-03-12,WY,9,0,0,9
2021-03-13,WY,9,0,0,9
2021-03-14,WY,9,0,0,9
2021-03-15,WY,9,0,0,9
2021-03-16,WY,9,0,0,9
